Data,Mortes
1987-01-01,29
1987-01-02,38
1987-01-03,27
1987-01-04,27
1987-01-05,26
1987-01-06,31
1987-01-07,27
1987-01-08,22
1987-01-09,29
1987-01-10,39
1987-01-11,32
1987-01-12,30
1987-01-13,29
1987-01-14,27
1987-01-15,25
1987-01-16,37
1987-01-17,25
1987-01-18,44
1987-01-19,32
1987-01-20,30
1987-01-21,21
1987-01-22,34
1987-01-23,22
1987-01-24,33
1987-01-25,27
1987-01-26,25
1987-01-27,33
1987-01-28,25
1987-01-29,30
1987-01-30,16
1987-01-31,25
1987-02-01,30
1987-02-02,29
1987-02-03,34
1987-02-04,32
1987-02-05,28
1987-02-06,26
1987-02-07,25
1987-02-08,32
1987-02-09,26
1987-02-10,32
1987-02-11,25
1987-02-12,25
1987-02-13,25
1987-02-14,31
1987-02-15,19
1987-02-16,26
1987-02-17,36
1987-02-18,33
1987-02-19,20
1987-02-20,26
1987-02-21,26
1987-02-22,27
1987-02-23,NA
1987-02-24,23
1987-02-25,36
1987-02-26,35
1987-02-27,22
1987-02-28,31
1987-03-01,22
1987-03-02,36
1987-03-03,34
1987-03-04,29
1987-03-05,30
1987-03-06,23
1987-03-07,30
1987-03-08,28
1987-03-09,34
1987-03-10,24
1987-03-11,16
1987-03-12,31
1987-03-13,25
1987-03-14,30
1987-03-15,29
1987-03-16,38
1987-03-17,18
1987-03-18,18
1987-03-19,31
1987-03-20,29
1987-03-21,24
1987-03-22,27
1987-03-23,26
1987-03-24,23
1987-03-25,30
1987-03-26,25
1987-03-27,16
1987-03-28,29
1987-03-29,25
1987-03-30,34
1987-03-31,28
1987-04-01,30
1987-04-02,14
1987-04-03,30
1987-04-04,39
1987-04-05,33
1987-04-06,28
1987-04-07,36
1987-04-08,32
1987-04-09,31
1987-04-10,32
1987-04-11,24
1987-04-12,29
1987-04-13,20
1987-04-14,33
1987-04-15,33
1987-04-16,26
1987-04-17,30
1987-04-18,27
1987-04-19,27
1987-04-20,29
1987-04-21,22
1987-04-22,35
1987-04-23,29
1987-04-24,23
1987-04-25,41
1987-04-26,30
1987-04-27,29
1987-04-28,34
1987-04-29,28
1987-04-30,27
1987-05-01,29
1987-05-02,30
1987-05-03,22
1987-05-04,29
1987-05-05,36
1987-05-06,32
1987-05-07,25
1987-05-08,25
1987-05-09,27
1987-05-10,27
1987-05-11,26
1987-05-12,31
1987-05-13,33
1987-05-14,31
1987-05-15,20
1987-05-16,33
1987-05-17,27
1987-05-18,32
1987-05-19,30
1987-05-20,28
1987-05-21,32
1987-05-22,23
1987-05-23,28
1987-05-24,22
1987-05-25,29
1987-05-26,28
1987-05-27,19
1987-05-28,30
1987-05-29,25
1987-05-30,30
1987-05-31,21
1987-06-01,26
1987-06-02,30
1987-06-03,28
1987-06-04,26
1987-06-05,26
1987-06-06,30
1987-06-07,28
1987-06-08,34
1987-06-09,25
1987-06-10,23
1987-06-11,23
1987-06-12,22
1987-06-13,19
1987-06-14,30
1987-06-15,28
1987-06-16,29
1987-06-17,28
1987-06-18,23
1987-06-19,25
1987-06-20,26
1987-06-21,21
1987-06-22,29
1987-06-23,22
1987-06-24,31
1987-06-25,23
1987-06-26,22
1987-06-27,25
1987-06-28,28
1987-06-29,25
1987-06-30,25
1987-07-01,23
1987-07-02,34
1987-07-03,37
1987-07-04,25
1987-07-05,21
1987-07-06,38
1987-07-07,29
1987-07-08,31
1987-07-09,31
1987-07-10,23
1987-07-11,29
1987-07-12,32
1987-07-13,21
1987-07-14,19
1987-07-15,26
1987-07-16,28
1987-07-17,30
1987-07-18,32
1987-07-19,40
1987-07-20,30
1987-07-21,27
1987-07-22,29
1987-07-23,21
1987-07-24,31
1987-07-25,30
1987-07-26,24
1987-07-27,33
1987-07-28,36
1987-07-29,33
1987-07-30,24
1987-07-31,26
1987-08-01,27
1987-08-02,25
1987-08-03,31
1987-08-04,36
1987-08-05,31
1987-08-06,25
1987-08-07,20
1987-08-08,31
1987-08-09,26
1987-08-10,22
1987-08-11,27
1987-08-12,14
1987-08-13,21
1987-08-14,20
1987-08-15,23
1987-08-16,28
1987-08-17,27
1987-08-18,21
1987-08-19,24
1987-08-20,24
1987-08-21,24
1987-08-22,23
1987-08-23,34
1987-08-24,34
1987-08-25,26
1987-08-26,32
1987-08-27,26
1987-08-28,33
1987-08-29,20
1987-08-30,30
1987-08-31,37
1987-09-01,32
1987-09-02,31
1987-09-03,34
1987-09-04,22
1987-09-05,27
1987-09-06,29
1987-09-07,23
1987-09-08,23
1987-09-09,25
1987-09-10,27
1987-09-11,33
1987-09-12,19
1987-09-13,34
1987-09-14,32
1987-09-15,33
1987-09-16,33
1987-09-17,26
1987-09-18,25
1987-09-19,24
1987-09-20,38
1987-09-21,30
1987-09-22,34
1987-09-23,24
1987-09-24,20
1987-09-25,25
1987-09-26,35
1987-09-27,28
1987-09-28,31
1987-09-29,22
1987-09-30,27
1987-10-01,28
1987-10-02,26
1987-10-03,22
1987-10-04,34
1987-10-05,27
1987-10-06,30
1987-10-07,31
1987-10-08,29
1987-10-09,34
1987-10-10,29
1987-10-11,31
1987-10-12,31
1987-10-13,18
1987-10-14,33
1987-10-15,31
1987-10-16,32
1987-10-17,30
1987-10-18,22
1987-10-19,31
1987-10-20,32
1987-10-21,26
1987-10-22,30
1987-10-23,20
1987-10-24,38
1987-10-25,34
1987-10-26,29
1987-10-27,25
1987-10-28,30
1987-10-29,24
1987-10-30,26
1987-10-31,21
1987-11-01,30
1987-11-02,34
1987-11-03,25
1987-11-04,29
1987-11-05,35
1987-11-06,31
1987-11-07,31
1987-11-08,38
1987-11-09,41
1987-11-10,24
1987-11-11,38
1987-11-12,20
1987-11-13,23
1987-11-14,30
1987-11-15,23
1987-11-16,27
1987-11-17,35
1987-11-18,34
1987-11-19,27
1987-11-20,28
1987-11-21,29
1987-11-22,23
1987-11-23,28
1987-11-24,34
1987-11-25,33
1987-11-26,38
1987-11-27,27
1987-11-28,26
1987-11-29,24
1987-11-30,25
1987-12-01,41
1987-12-02,23
1987-12-03,28
1987-12-04,32
1987-12-05,27
1987-12-06,33
1987-12-07,28
1987-12-08,26
1987-12-09,34
1987-12-10,33
1987-12-11,28
1987-12-12,40
1987-12-13,25
1987-12-14,34
1987-12-15,38
1987-12-16,37
1987-12-17,30
1987-12-18,33
1987-12-19,30
1987-12-20,29
1987-12-21,27
1987-12-22,24
1987-12-23,37
1987-12-24,34
1987-12-25,32
1987-12-26,27
1987-12-27,29
1987-12-28,39
1987-12-29,28
1987-12-30,29
1987-12-31,37
1988-01-01,23
1988-01-02,22
1988-01-03,33
1988-01-04,32
1988-01-05,23
1988-01-06,30
1988-01-07,24
1988-01-08,36
1988-01-09,31
1988-01-10,27
1988-01-11,36
1988-01-12,38
1988-01-13,28
1988-01-14,29
1988-01-15,25
1988-01-16,32
1988-01-17,34
1988-01-18,32
1988-01-19,26
1988-01-20,26
1988-01-21,22
1988-01-22,31
1988-01-23,32
1988-01-24,33
1988-01-25,34
1988-01-26,24
1988-01-27,38
1988-01-28,27
1988-01-29,34
1988-01-30,22
1988-01-31,26
1988-02-01,26
1988-02-02,31
1988-02-03,35
1988-02-04,40
1988-02-05,28
1988-02-06,32
1988-02-07,35
1988-02-08,20
1988-02-09,28
1988-02-10,33
1988-02-11,35
1988-02-12,42
1988-02-13,28
1988-02-14,29
1988-02-15,30
1988-02-16,29
1988-02-17,30
1988-02-18,22
1988-02-19,28
1988-02-20,34
1988-02-21,31
1988-02-22,30
1988-02-23,30
1988-02-24,33
1988-02-25,30
1988-02-26,26
1988-02-27,38
1988-02-28,34
1988-02-29,26
1988-03-01,22
1988-03-02,35
1988-03-03,24
1988-03-04,27
1988-03-05,31
1988-03-06,31
1988-03-07,38
1988-03-08,44
1988-03-09,35
1988-03-10,34
1988-03-11,35
1988-03-12,37
1988-03-13,29
1988-03-14,33
1988-03-15,25
1988-03-16,31
1988-03-17,32
1988-03-18,25
1988-03-19,26
1988-03-20,32
1988-03-21,41
1988-03-22,29
1988-03-23,33
1988-03-24,28
1988-03-25,35
1988-03-26,32
1988-03-27,30
1988-03-28,27
1988-03-29,31
1988-03-30,42
1988-03-31,36
1988-04-01,31
1988-04-02,31
1988-04-03,18
1988-04-04,31
1988-04-05,30
1988-04-06,25
1988-04-07,31
1988-04-08,33
1988-04-09,29
1988-04-10,32
1988-04-11,24
1988-04-12,26
1988-04-13,14
1988-04-14,24
1988-04-15,28
1988-04-16,34
1988-04-17,35
1988-04-18,26
1988-04-19,28
1988-04-20,27
1988-04-21,37
1988-04-22,30
1988-04-23,34
1988-04-24,21
1988-04-25,24
1988-04-26,30
1988-04-27,37
1988-04-28,37
1988-04-29,34
1988-04-30,30
1988-05-01,31
1988-05-02,29
1988-05-03,35
1988-05-04,30
1988-05-05,28
1988-05-06,22
1988-05-07,25
1988-05-08,34
1988-05-09,29
1988-05-10,39
1988-05-11,30
1988-05-12,20
1988-05-13,26
1988-05-14,30
1988-05-15,34
1988-05-16,37
1988-05-17,23
1988-05-18,27
1988-05-19,27
1988-05-20,31
1988-05-21,25
1988-05-22,23
1988-05-23,37
1988-05-24,31
1988-05-25,26
1988-05-26,20
1988-05-27,29
1988-05-28,33
1988-05-29,26
1988-05-30,27
1988-05-31,23
1988-06-01,34
1988-06-02,26
1988-06-03,25
1988-06-04,35
1988-06-05,33
1988-06-06,27
1988-06-07,27
1988-06-08,21
1988-06-09,29
1988-06-10,34
1988-06-11,27
1988-06-12,32
1988-06-13,29
1988-06-14,34
1988-06-15,27
1988-06-16,20
1988-06-17,30
1988-06-18,24
1988-06-19,31
1988-06-20,25
1988-06-21,30
1988-06-22,31
1988-06-23,31
1988-06-24,26
1988-06-25,31
1988-06-26,34
1988-06-27,16
1988-06-28,24
1988-06-29,20
1988-06-30,28
1988-07-01,21
1988-07-02,25
1988-07-03,30
1988-07-04,29
1988-07-05,33
1988-07-06,32
1988-07-07,27
1988-07-08,29
1988-07-09,31
1988-07-10,33
1988-07-11,28
1988-07-12,23
1988-07-13,26
1988-07-14,25
1988-07-15,24
1988-07-16,23
1988-07-17,35
1988-07-18,25
1988-07-19,32
1988-07-20,37
1988-07-21,22
1988-07-22,26
1988-07-23,24
1988-07-24,23
1988-07-25,24
1988-07-26,38
1988-07-27,32
1988-07-28,24
1988-07-29,30
1988-07-30,27
1988-07-31,17
1988-08-01,26
1988-08-02,36
1988-08-03,23
1988-08-04,39
1988-08-05,42
1988-08-06,26
1988-08-07,34
1988-08-08,43
1988-08-09,27
1988-08-10,27
1988-08-11,33
1988-08-12,29
1988-08-13,22
1988-08-14,21
1988-08-15,32
1988-08-16,27
1988-08-17,28
1988-08-18,44
1988-08-19,32
1988-08-20,31
1988-08-21,25
1988-08-22,21
1988-08-23,33
1988-08-24,29
1988-08-25,27
1988-08-26,28
1988-08-27,26
1988-08-28,17
1988-08-29,28
1988-08-30,20
1988-08-31,26
1988-09-01,29
1988-09-02,30
1988-09-03,30
1988-09-04,24
1988-09-05,33
1988-09-06,36
1988-09-07,20
1988-09-08,36
1988-09-09,36
1988-09-10,22
1988-09-11,28
1988-09-12,34
1988-09-13,23
1988-09-14,23
1988-09-15,22
1988-09-16,33
1988-09-17,24
1988-09-18,28
1988-09-19,16
1988-09-20,31
1988-09-21,20
1988-09-22,31
1988-09-23,29
1988-09-24,21
1988-09-25,25
1988-09-26,26
1988-09-27,16
1988-09-28,31
1988-09-29,30
1988-09-30,29
1988-10-01,22
1988-10-02,20
1988-10-03,35
1988-10-04,34
1988-10-05,23
1988-10-06,30
1988-10-07,30
1988-10-08,28
1988-10-09,28
1988-10-10,23
1988-10-11,25
1988-10-12,34
1988-10-13,25
1988-10-14,17
1988-10-15,37
1988-10-16,28
1988-10-17,24
1988-10-18,24
1988-10-19,25
1988-10-20,27
1988-10-21,22
1988-10-22,18
1988-10-23,28
1988-10-24,26
1988-10-25,36
1988-10-26,35
1988-10-27,32
1988-10-28,29
1988-10-29,33
1988-10-30,26
1988-10-31,21
1988-11-01,32
1988-11-02,24
1988-11-03,29
1988-11-04,25
1988-11-05,30
1988-11-06,18
1988-11-07,25
1988-11-08,23
1988-11-09,32
1988-11-10,18
1988-11-11,29
1988-11-12,25
1988-11-13,29
1988-11-14,28
1988-11-15,34
1988-11-16,31
1988-11-17,23
1988-11-18,32
1988-11-19,25
1988-11-20,26
1988-11-21,23
1988-11-22,32
1988-11-23,26
1988-11-24,28
1988-11-25,41
1988-11-26,25
1988-11-27,30
1988-11-28,27
1988-11-29,21
1988-11-30,26
1988-12-01,14
1988-12-02,25
1988-12-03,30
1988-12-04,32
1988-12-05,28
1988-12-06,29
1988-12-07,27
1988-12-08,25
1988-12-09,22
1988-12-10,29
1988-12-11,17
1988-12-12,24
1988-12-13,21
1988-12-14,20
1988-12-15,26
1988-12-16,29
1988-12-17,28
1988-12-18,22
1988-12-19,27
1988-12-20,44
1988-12-21,28
1988-12-22,33
1988-12-23,28
1988-12-24,21
1988-12-25,25
1988-12-26,44
1988-12-27,37
1988-12-28,30
1988-12-29,26
1988-12-30,36
1988-12-31,32
1989-01-01,29
1989-01-02,33
1989-01-03,42
1989-01-04,33
1989-01-05,22
1989-01-06,26
1989-01-07,20
1989-01-08,26
1989-01-09,39
1989-01-10,31
1989-01-11,20
1989-01-12,31
1989-01-13,24
1989-01-14,36
1989-01-15,36
1989-01-16,21
1989-01-17,40
1989-01-18,27
1989-01-19,27
1989-01-20,22
1989-01-21,18
1989-01-22,32
1989-01-23,30
1989-01-24,35
1989-01-25,23
1989-01-26,27
1989-01-27,27
1989-01-28,25
1989-01-29,21
1989-01-30,26
1989-01-31,28
1989-02-01,30
1989-02-02,21
1989-02-03,25
1989-02-04,29
1989-02-05,19
1989-02-06,25
1989-02-07,21
1989-02-08,33
1989-02-09,21
1989-02-10,31
1989-02-11,24
1989-02-12,26
1989-02-13,29
1989-02-14,31
1989-02-15,38
1989-02-16,26
1989-02-17,35
1989-02-18,23
1989-02-19,30
1989-02-20,34
1989-02-21,28
1989-02-22,13
1989-02-23,15
1989-02-24,21
1989-02-25,32
1989-02-26,35
1989-02-27,39
1989-02-28,35
1989-03-01,36
1989-03-02,26
1989-03-03,26
1989-03-04,25
1989-03-05,24
1989-03-06,37
1989-03-07,44
1989-03-08,51
1989-03-09,33
1989-03-10,22
1989-03-11,44
1989-03-12,36
1989-03-13,29
1989-03-14,32
1989-03-15,24
1989-03-16,28
1989-03-17,19
1989-03-18,30
1989-03-19,29
1989-03-20,32
1989-03-21,30
1989-03-22,24
1989-03-23,30
1989-03-24,33
1989-03-25,32
1989-03-26,25
1989-03-27,29
1989-03-28,29
1989-03-29,32
1989-03-30,28
1989-03-31,26
1989-04-01,24
1989-04-02,23
1989-04-03,36
1989-04-04,30
1989-04-05,35
1989-04-06,30
1989-04-07,32
1989-04-08,23
1989-04-09,27
1989-04-10,23
1989-04-11,29
1989-04-12,29
1989-04-13,39
1989-04-14,28
1989-04-15,19
1989-04-16,29
1989-04-17,25
1989-04-18,28
1989-04-19,30
1989-04-20,29
1989-04-21,26
1989-04-22,22
1989-04-23,26
1989-04-24,41
1989-04-25,27
1989-04-26,30
1989-04-27,34
1989-04-28,27
1989-04-29,31
1989-04-30,38
1989-05-01,21
1989-05-02,27
1989-05-03,26
1989-05-04,27
1989-05-05,30
1989-05-06,25
1989-05-07,25
1989-05-08,30
1989-05-09,22
1989-05-10,25
1989-05-11,28
1989-05-12,33
1989-05-13,28
1989-05-14,25
1989-05-15,29
1989-05-16,38
1989-05-17,26
1989-05-18,26
1989-05-19,27
1989-05-20,34
1989-05-21,29
1989-05-22,25
1989-05-23,28
1989-05-24,28
1989-05-25,35
1989-05-26,31
1989-05-27,29
1989-05-28,29
1989-05-29,25
1989-05-30,29
1989-05-31,20
1989-06-01,28
1989-06-02,25
1989-06-03,29
1989-06-04,19
1989-06-05,25
1989-06-06,25
1989-06-07,27
1989-06-08,26
1989-06-09,24
1989-06-10,24
1989-06-11,19
1989-06-12,29
1989-06-13,26
1989-06-14,25
1989-06-15,24
1989-06-16,23
1989-06-17,19
1989-06-18,29
1989-06-19,32
1989-06-20,25
1989-06-21,25
1989-06-22,30
1989-06-23,22
1989-06-24,26
1989-06-25,32
1989-06-26,25
1989-06-27,24
1989-06-28,26
1989-06-29,32
1989-06-30,29
1989-07-01,17
1989-07-02,25
1989-07-03,35
1989-07-04,24
1989-07-05,35
1989-07-06,22
1989-07-07,29
1989-07-08,29
1989-07-09,27
1989-07-10,25
1989-07-11,26
1989-07-12,22
1989-07-13,30
1989-07-14,19
1989-07-15,25
1989-07-16,24
1989-07-17,17
1989-07-18,33
1989-07-19,22
1989-07-20,25
1989-07-21,22
1989-07-22,27
1989-07-23,25
1989-07-24,26
1989-07-25,21
1989-07-26,30
1989-07-27,22
1989-07-28,19
1989-07-29,13
1989-07-30,19
1989-07-31,27
1989-08-01,26
1989-08-02,20
1989-08-03,30
1989-08-04,26
1989-08-05,37
1989-08-06,19
1989-08-07,33
1989-08-08,26
1989-08-09,25
1989-08-10,28
1989-08-11,29
1989-08-12,23
1989-08-13,24
1989-08-14,32
1989-08-15,23
1989-08-16,28
1989-08-17,32
1989-08-18,21
1989-08-19,29
1989-08-20,23
1989-08-21,24
1989-08-22,31
1989-08-23,22
1989-08-24,24
1989-08-25,19
1989-08-26,30
1989-08-27,30
1989-08-28,31
1989-08-29,29
1989-08-30,26
1989-08-31,26
1989-09-01,26
1989-09-02,16
1989-09-03,30
1989-09-04,24
1989-09-05,33
1989-09-06,33
1989-09-07,16
1989-09-08,28
1989-09-09,28
1989-09-10,18
1989-09-11,30
1989-09-12,34
1989-09-13,28
1989-09-14,23
1989-09-15,34
1989-09-16,35
1989-09-17,29
1989-09-18,34
1989-09-19,31
1989-09-20,20
1989-09-21,35
1989-09-22,31
1989-09-23,29
1989-09-24,31
1989-09-25,26
1989-09-26,25
1989-09-27,30
1989-09-28,34
1989-09-29,22
1989-09-30,32
1989-10-01,27
1989-10-02,21
1989-10-03,29
1989-10-04,34
1989-10-05,32
1989-10-06,28
1989-10-07,30
1989-10-08,30
1989-10-09,40
1989-10-10,35
1989-10-11,31
1989-10-12,26
1989-10-13,26
1989-10-14,32
1989-10-15,30
1989-10-16,23
1989-10-17,24
1989-10-18,29
1989-10-19,28
1989-10-20,21
1989-10-21,24
1989-10-22,32
1989-10-23,29
1989-10-24,28
1989-10-25,29
1989-10-26,27
1989-10-27,38
1989-10-28,30
1989-10-29,34
1989-10-30,22
1989-10-31,26
1989-11-01,25
1989-11-02,28
1989-11-03,19
1989-11-04,37
1989-11-05,26
1989-11-06,28
1989-11-07,28
1989-11-08,25
1989-11-09,28
1989-11-10,25
1989-11-11,34
1989-11-12,26
1989-11-13,25
1989-11-14,18
1989-11-15,22
1989-11-16,28
1989-11-17,24
1989-11-18,28
1989-11-19,29
1989-11-20,31
1989-11-21,21
1989-11-22,24
1989-11-23,22
1989-11-24,33
1989-11-25,23
1989-11-26,21
1989-11-27,30
1989-11-28,31
1989-11-29,29
1989-11-30,16
1989-12-01,27
1989-12-02,39
1989-12-03,40
1989-12-04,33
1989-12-05,21
1989-12-06,27
1989-12-07,34
1989-12-08,30
1989-12-09,35
1989-12-10,19
1989-12-11,34
1989-12-12,38
1989-12-13,33
1989-12-14,29
1989-12-15,23
1989-12-16,38
1989-12-17,23
1989-12-18,40
1989-12-19,38
1989-12-20,41
1989-12-21,30
1989-12-22,40
1989-12-23,34
1989-12-24,37
1989-12-25,29
1989-12-26,41
1989-12-27,39
1989-12-28,37
1989-12-29,35
1989-12-30,26
1989-12-31,46
1990-01-01,49
1990-01-02,34
1990-01-03,32
1990-01-04,39
1990-01-05,32
1990-01-06,32
1990-01-07,29
1990-01-08,19
1990-01-09,43
1990-01-10,41
1990-01-11,35
1990-01-12,22
1990-01-13,33
1990-01-14,26
1990-01-15,22
1990-01-16,36
1990-01-17,33
1990-01-18,19
1990-01-19,25
1990-01-20,37
1990-01-21,33
1990-01-22,32
1990-01-23,25
1990-01-24,29
1990-01-25,31
1990-01-26,24
1990-01-27,20
1990-01-28,32
1990-01-29,27
1990-01-30,34
1990-01-31,34
1990-02-01,23
1990-02-02,28
1990-02-03,26
1990-02-04,29
1990-02-05,23
1990-02-06,29
1990-02-07,23
1990-02-08,21
1990-02-09,17
1990-02-10,31
1990-02-11,30
1990-02-12,28
1990-02-13,30
1990-02-14,29
1990-02-15,48
1990-02-16,34
1990-02-17,27
1990-02-18,27
1990-02-19,29
1990-02-20,22
1990-02-21,21
1990-02-22,27
1990-02-23,43
1990-02-24,24
1990-02-25,18
1990-02-26,20
1990-02-27,28
1990-02-28,37
1990-03-01,36
1990-03-02,32
1990-03-03,29
1990-03-04,29
1990-03-05,30
1990-03-06,22
1990-03-07,26
1990-03-08,32
1990-03-09,29
1990-03-10,32
1990-03-11,29
1990-03-12,30
1990-03-13,31
1990-03-14,28
1990-03-15,30
1990-03-16,15
1990-03-17,31
1990-03-18,32
1990-03-19,33
1990-03-20,33
1990-03-21,32
1990-03-22,36
1990-03-23,24
1990-03-24,21
1990-03-25,16
1990-03-26,21
1990-03-27,29
1990-03-28,34
1990-03-29,24
1990-03-30,31
1990-03-31,20
1990-04-01,35
1990-04-02,33
1990-04-03,40
1990-04-04,19
1990-04-05,23
1990-04-06,22
1990-04-07,30
1990-04-08,21
1990-04-09,35
1990-04-10,25
1990-04-11,30
1990-04-12,28
1990-04-13,38
1990-04-14,25
1990-04-15,30
1990-04-16,25
1990-04-17,20
1990-04-18,20
1990-04-19,22
1990-04-20,27
1990-04-21,26
1990-04-22,25
1990-04-23,26
1990-04-24,26
1990-04-25,22
1990-04-26,30
1990-04-27,24
1990-04-28,30
1990-04-29,28
1990-04-30,31
1990-05-01,24
1990-05-02,26
1990-05-03,35
1990-05-04,30
1990-05-05,17
1990-05-06,28
1990-05-07,27
1990-05-08,24
1990-05-09,26
1990-05-10,28
1990-05-11,35
1990-05-12,31
1990-05-13,23
1990-05-14,22
1990-05-15,26
1990-05-16,35
1990-05-17,34
1990-05-18,22
1990-05-19,22
1990-05-20,22
1990-05-21,28
1990-05-22,25
1990-05-23,26
1990-05-24,31
1990-05-25,31
1990-05-26,22
1990-05-27,26
1990-05-28,29
1990-05-29,31
1990-05-30,30
1990-05-31,22
1990-06-01,26
1990-06-02,37
1990-06-03,30
1990-06-04,23
1990-06-05,31
1990-06-06,23
1990-06-07,32
1990-06-08,28
1990-06-09,26
1990-06-10,27
1990-06-11,22
1990-06-12,35
1990-06-13,24
1990-06-14,20
1990-06-15,23
1990-06-16,18
1990-06-17,29
1990-06-18,31
1990-06-19,22
1990-06-20,26
1990-06-21,27
1990-06-22,34
1990-06-23,29
1990-06-24,23
1990-06-25,21
1990-06-26,25
1990-06-27,30
1990-06-28,31
1990-06-29,28
1990-06-30,27
1990-07-01,26
1990-07-02,14
1990-07-03,29
1990-07-04,28
1990-07-05,23
1990-07-06,22
1990-07-07,21
1990-07-08,20
1990-07-09,35
1990-07-10,26
1990-07-11,26
1990-07-12,16
1990-07-13,17
1990-07-14,25
1990-07-15,24
1990-07-16,20
1990-07-17,18
1990-07-18,24
1990-07-19,29
1990-07-20,31
1990-07-21,26
1990-07-22,28
1990-07-23,19
1990-07-24,21
1990-07-25,30
1990-07-26,27
1990-07-27,28
1990-07-28,30
1990-07-29,18
1990-07-30,22
1990-07-31,30
1990-08-01,28
1990-08-02,29
1990-08-03,19
1990-08-04,15
1990-08-05,22
1990-08-06,16
1990-08-07,26
1990-08-08,20
1990-08-09,29
1990-08-10,28
1990-08-11,24
1990-08-12,33
1990-08-13,26
1990-08-14,23
1990-08-15,28
1990-08-16,24
1990-08-17,27
1990-08-18,28
1990-08-19,28
1990-08-20,16
1990-08-21,28
1990-08-22,22
1990-08-23,16
1990-08-24,27
1990-08-25,25
1990-08-26,20
1990-08-27,28
1990-08-28,30
1990-08-29,18
1990-08-30,25
1990-08-31,25
1990-09-01,25
1990-09-02,29
1990-09-03,24
1990-09-04,34
1990-09-05,23
1990-09-06,17
1990-09-07,21
1990-09-08,29
1990-09-09,15
1990-09-10,26
1990-09-11,20
1990-09-12,18
1990-09-13,21
1990-09-14,33
1990-09-15,22
1990-09-16,26
1990-09-17,19
1990-09-18,26
1990-09-19,23
1990-09-20,33
1990-09-21,23
1990-09-22,26
1990-09-23,26
1990-09-24,22
1990-09-25,40
1990-09-26,28
1990-09-27,25
1990-09-28,36
1990-09-29,26
1990-09-30,29
1990-10-01,18
1990-10-02,18
1990-10-03,26
1990-10-04,29
1990-10-05,21
1990-10-06,24
1990-10-07,26
1990-10-08,32
1990-10-09,29
1990-10-10,21
1990-10-11,22
1990-10-12,22
1990-10-13,30
1990-10-14,30
1990-10-15,37
1990-10-16,27
1990-10-17,32
1990-10-18,27
1990-10-19,25
1990-10-20,18
1990-10-21,20
1990-10-22,24
1990-10-23,24
1990-10-24,25
1990-10-25,29
1990-10-26,21
1990-10-27,29
1990-10-28,28
1990-10-29,36
1990-10-30,35
1990-10-31,38
1990-11-01,24
1990-11-02,32
1990-11-03,27
1990-11-04,25
1990-11-05,15
1990-11-06,17
1990-11-07,30
1990-11-08,34
1990-11-09,19
1990-11-10,18
1990-11-11,24
1990-11-12,29
1990-11-13,16
1990-11-14,34
1990-11-15,33
1990-11-16,19
1990-11-17,29
1990-11-18,29
1990-11-19,33
1990-11-20,29
1990-11-21,27
1990-11-22,25
1990-11-23,25
1990-11-24,26
1990-11-25,37
1990-11-26,22
1990-11-27,23
1990-11-28,20
1990-11-29,27
1990-11-30,23
1990-12-01,20
1990-12-02,27
1990-12-03,31
1990-12-04,35
1990-12-05,29
1990-12-06,25
1990-12-07,24
1990-12-08,26
1990-12-09,38
1990-12-10,26
1990-12-11,29
1990-12-12,27
1990-12-13,24
1990-12-14,30
1990-12-15,25
1990-12-16,34
1990-12-17,29
1990-12-18,28
1990-12-19,19
1990-12-20,23
1990-12-21,28
1990-12-22,36
1990-12-23,24
1990-12-24,29
1990-12-25,23
1990-12-26,33
1990-12-27,29
1990-12-28,42
1990-12-29,26
1990-12-30,39
1990-12-31,28
1991-01-01,26
1991-01-02,32
1991-01-03,37
1991-01-04,28
1991-01-05,46
1991-01-06,21
1991-01-07,30
1991-01-08,30
1991-01-09,27
1991-01-10,31
1991-01-11,28
1991-01-12,25
1991-01-13,25
1991-01-14,25
1991-01-15,34
1991-01-16,28
1991-01-17,32
1991-01-18,35
1991-01-19,32
1991-01-20,29
1991-01-21,26
1991-01-22,28
1991-01-23,26
1991-01-24,26
1991-01-25,24
1991-01-26,37
1991-01-27,32
1991-01-28,39
1991-01-29,24
1991-01-30,21
1991-01-31,29
1991-02-01,36
1991-02-02,26
1991-02-03,25
1991-02-04,27
1991-02-05,32
1991-02-06,27
1991-02-07,26
1991-02-08,32
1991-02-09,36
1991-02-10,28
1991-02-11,27
1991-02-12,25
1991-02-13,28
1991-02-14,36
1991-02-15,29
1991-02-16,26
1991-02-17,25
1991-02-18,22
1991-02-19,25
1991-02-20,30
1991-02-21,26
1991-02-22,27
1991-02-23,25
1991-02-24,25
1991-02-25,29
1991-02-26,31
1991-02-27,29
1991-02-28,23
1991-03-01,25
1991-03-02,33
1991-03-03,35
1991-03-04,23
1991-03-05,26
1991-03-06,20
1991-03-07,27
1991-03-08,28
1991-03-09,31
1991-03-10,35
1991-03-11,31
1991-03-12,33
1991-03-13,25
1991-03-14,33
1991-03-15,34
1991-03-16,23
1991-03-17,25
1991-03-18,32
1991-03-19,33
1991-03-20,23
1991-03-21,26
1991-03-22,30
1991-03-23,26
1991-03-24,23
1991-03-25,37
1991-03-26,36
1991-03-27,32
1991-03-28,34
1991-03-29,39
1991-03-30,28
1991-03-31,28
1991-04-01,28
1991-04-02,27
1991-04-03,22
1991-04-04,20
1991-04-05,21
1991-04-06,18
1991-04-07,22
1991-04-08,25
1991-04-09,20
1991-04-10,25
1991-04-11,34
1991-04-12,36
1991-04-13,17
1991-04-14,25
1991-04-15,33
1991-04-16,31
1991-04-17,27
1991-04-18,32
1991-04-19,21
1991-04-20,23
1991-04-21,28
1991-04-22,21
1991-04-23,29
1991-04-24,35
1991-04-25,26
1991-04-26,32
1991-04-27,22
1991-04-28,33
1991-04-29,28
1991-04-30,24
1991-05-01,38
1991-05-02,22
1991-05-03,24
1991-05-04,27
1991-05-05,18
1991-05-06,20
1991-05-07,20
1991-05-08,28
1991-05-09,23
1991-05-10,18
1991-05-11,38
1991-05-12,31
1991-05-13,31
1991-05-14,32
1991-05-15,25
1991-05-16,33
1991-05-17,30
1991-05-18,23
1991-05-19,23
1991-05-20,22
1991-05-21,24
1991-05-22,24
1991-05-23,36
1991-05-24,29
1991-05-25,23
1991-05-26,28
1991-05-27,22
1991-05-28,18
1991-05-29,35
1991-05-30,24
1991-05-31,25
1991-06-01,32
1991-06-02,26
1991-06-03,26
1991-06-04,19
1991-06-05,30
1991-06-06,30
1991-06-07,34
1991-06-08,35
1991-06-09,29
1991-06-10,25
1991-06-11,21
1991-06-12,26
1991-06-13,26
1991-06-14,19
1991-06-15,23
1991-06-16,21
1991-06-17,25
1991-06-18,30
1991-06-19,26
1991-06-20,25
1991-06-21,20
1991-06-22,21
1991-06-23,25
1991-06-24,24
1991-06-25,27
1991-06-26,28
1991-06-27,28
1991-06-28,25
1991-06-29,30
1991-06-30,24
1991-07-01,24
1991-07-02,32
1991-07-03,34
1991-07-04,27
1991-07-05,27
1991-07-06,25
1991-07-07,14
1991-07-08,29
1991-07-09,27
1991-07-10,33
1991-07-11,22
1991-07-12,21
1991-07-13,35
1991-07-14,12
1991-07-15,30
1991-07-16,24
1991-07-17,33
1991-07-18,26
1991-07-19,24
1991-07-20,34
1991-07-21,22
1991-07-22,30
1991-07-23,38
1991-07-24,36
1991-07-25,29
1991-07-26,29
1991-07-27,34
1991-07-28,21
1991-07-29,28
1991-07-30,29
1991-07-31,20
1991-08-01,32
1991-08-02,19
1991-08-03,20
1991-08-04,23
1991-08-05,27
1991-08-06,13
1991-08-07,19
1991-08-08,27
1991-08-09,42
1991-08-10,23
1991-08-11,21
1991-08-12,24
1991-08-13,32
1991-08-14,25
1991-08-15,33
1991-08-16,34
1991-08-17,19
1991-08-18,26
1991-08-19,15
1991-08-20,25
1991-08-21,32
1991-08-22,22
1991-08-23,16
1991-08-24,28
1991-08-25,21
1991-08-26,24
1991-08-27,25
1991-08-28,15
1991-08-29,34
1991-08-30,33
1991-08-31,28
1991-09-01,27
1991-09-02,25
1991-09-03,27
1991-09-04,24
1991-09-05,27
1991-09-06,33
1991-09-07,31
1991-09-08,25
1991-09-09,15
1991-09-10,20
1991-09-11,24
1991-09-12,21
1991-09-13,31
1991-09-14,24
1991-09-15,18
1991-09-16,28
1991-09-17,21
1991-09-18,21
1991-09-19,23
1991-09-20,25
1991-09-21,20
1991-09-22,27
1991-09-23,30
1991-09-24,25
1991-09-25,25
1991-09-26,20
1991-09-27,28
1991-09-28,20
1991-09-29,26
1991-09-30,31
1991-10-01,24
1991-10-02,29
1991-10-03,27
1991-10-04,21
1991-10-05,22
1991-10-06,23
1991-10-07,21
1991-10-08,33
1991-10-09,23
1991-10-10,26
1991-10-11,26
1991-10-12,24
1991-10-13,25
1991-10-14,27
1991-10-15,26
1991-10-16,23
1991-10-17,27
1991-10-18,18
1991-10-19,26
1991-10-20,11
1991-10-21,24
1991-10-22,26
1991-10-23,29
1991-10-24,32
1991-10-25,29
1991-10-26,47
1991-10-27,25
1991-10-28,15
1991-10-29,34
1991-10-30,26
1991-10-31,24
1991-11-01,33
1991-11-02,33
1991-11-03,40
1991-11-04,32
1991-11-05,36
1991-11-06,26
1991-11-07,34
1991-11-08,25
1991-11-09,33
1991-11-10,31
1991-11-11,31
1991-11-12,33
1991-11-13,32
1991-11-14,28
1991-11-15,27
1991-11-16,23
1991-11-17,26
1991-11-18,23
1991-11-19,30
1991-11-20,18
1991-11-21,27
1991-11-22,28
1991-11-23,26
1991-11-24,36
1991-11-25,23
1991-11-26,29
1991-11-27,27
1991-11-28,27
1991-11-29,28
1991-11-30,24
1991-12-01,24
1991-12-02,36
1991-12-03,22
1991-12-04,40
1991-12-05,27
1991-12-06,30
1991-12-07,26
1991-12-08,33
1991-12-09,21
1991-12-10,27
1991-12-11,27
1991-12-12,36
1991-12-13,30
1991-12-14,31
1991-12-15,27
1991-12-16,31
1991-12-17,29
1991-12-18,26
1991-12-19,33
1991-12-20,32
1991-12-21,33
1991-12-22,38
1991-12-23,31
1991-12-24,28
1991-12-25,35
1991-12-26,28
1991-12-27,33
1991-12-28,25
1991-12-29,35
1991-12-30,31
1991-12-31,29
1992-01-01,26
1992-01-02,28
1992-01-03,30
1992-01-04,26
1992-01-05,19
1992-01-06,24
1992-01-07,36
1992-01-08,22
1992-01-09,33
1992-01-10,27
1992-01-11,24
1992-01-12,36
1992-01-13,28
1992-01-14,39
1992-01-15,32
1992-01-16,28
1992-01-17,22
1992-01-18,27
1992-01-19,21
1992-01-20,28
1992-01-21,38
1992-01-22,28
1992-01-23,24
1992-01-24,28
1992-01-25,39
1992-01-26,34
1992-01-27,35
1992-01-28,24
1992-01-29,22
1992-01-30,24
1992-01-31,24
1992-02-01,25
1992-02-02,38
1992-02-03,39
1992-02-04,37
1992-02-05,15
1992-02-06,29
1992-02-07,34
1992-02-08,30
1992-02-09,31
1992-02-10,26
1992-02-11,32
1992-02-12,19
1992-02-13,33
1992-02-14,26
1992-02-15,27
1992-02-16,26
1992-02-17,28
1992-02-18,30
1992-02-19,19
1992-02-20,21
1992-02-21,23
1992-02-22,30
1992-02-23,30
1992-02-24,29
1992-02-25,22
1992-02-26,33
1992-02-27,40
1992-02-28,23
1992-02-29,30
1992-03-01,23
1992-03-02,37
1992-03-03,32
1992-03-04,34
1992-03-05,21
1992-03-06,25
1992-03-07,24
1992-03-08,29
1992-03-09,24
1992-03-10,35
1992-03-11,23
1992-03-12,31
1992-03-13,34
1992-03-14,20
1992-03-15,18
1992-03-16,29
1992-03-17,23
1992-03-18,23
1992-03-19,28
1992-03-20,28
1992-03-21,31
1992-03-22,28
1992-03-23,31
1992-03-24,25
1992-03-25,26
1992-03-26,33
1992-03-27,18
1992-03-28,24
1992-03-29,30
1992-03-30,24
1992-03-31,28
1992-04-01,19
1992-04-02,32
1992-04-03,35
1992-04-04,26
1992-04-05,23
1992-04-06,32
1992-04-07,20
1992-04-08,24
1992-04-09,35
1992-04-10,12
1992-04-11,26
1992-04-12,31
1992-04-13,25
1992-04-14,28
1992-04-15,28
1992-04-16,30
1992-04-17,23
1992-04-18,16
1992-04-19,28
1992-04-20,23
1992-04-21,26
1992-04-22,20
1992-04-23,38
1992-04-24,21
1992-04-25,23
1992-04-26,22
1992-04-27,23
1992-04-28,34
1992-04-29,22
1992-04-30,29
1992-05-01,27
1992-05-02,28
1992-05-03,32
1992-05-04,22
1992-05-05,23
1992-05-06,24
1992-05-07,24
1992-05-08,21
1992-05-09,21
1992-05-10,26
1992-05-11,26
1992-05-12,35
1992-05-13,31
1992-05-14,18
1992-05-15,20
1992-05-16,20
1992-05-17,22
1992-05-18,24
1992-05-19,30
1992-05-20,30
1992-05-21,23
1992-05-22,20
1992-05-23,17
1992-05-24,21
1992-05-25,26
1992-05-26,23
1992-05-27,21
1992-05-28,20
1992-05-29,29
1992-05-30,28
1992-05-31,26
1992-06-01,42
1992-06-02,24
1992-06-03,33
1992-06-04,28
1992-06-05,28
1992-06-06,19
1992-06-07,20
1992-06-08,26
1992-06-09,24
1992-06-10,26
1992-06-11,29
1992-06-12,41
1992-06-13,26
1992-06-14,37
1992-06-15,28
1992-06-16,18
1992-06-17,28
1992-06-18,19
1992-06-19,20
1992-06-20,26
1992-06-21,23
1992-06-22,32
1992-06-23,32
1992-06-24,30
1992-06-25,26
1992-06-26,29
1992-06-27,22
1992-06-28,22
1992-06-29,28
1992-06-30,24
1992-07-01,39
1992-07-02,22
1992-07-03,26
1992-07-04,19
1992-07-05,20
1992-07-06,27
1992-07-07,20
1992-07-08,27
1992-07-09,35
1992-07-10,24
1992-07-11,17
1992-07-12,16
1992-07-13,28
1992-07-14,26
1992-07-15,32
1992-07-16,23
1992-07-17,24
1992-07-18,24
1992-07-19,23
1992-07-20,21
1992-07-21,17
1992-07-22,25
1992-07-23,25
1992-07-24,24
1992-07-25,27
1992-07-26,24
1992-07-27,18
1992-07-28,25
1992-07-29,20
1992-07-30,36
1992-07-31,26
1992-08-01,23
1992-08-02,28
1992-08-03,32
1992-08-04,35
1992-08-05,25
1992-08-06,34
1992-08-07,29
1992-08-08,15
1992-08-09,23
1992-08-10,26
1992-08-11,17
1992-08-12,26
1992-08-13,21
1992-08-14,27
1992-08-15,22
1992-08-16,33
1992-08-17,22
1992-08-18,31
1992-08-19,25
1992-08-20,22
1992-08-21,18
1992-08-22,32
1992-08-23,29
1992-08-24,17
1992-08-25,24
1992-08-26,27
1992-08-27,17
1992-08-28,22
1992-08-29,17
1992-08-30,33
1992-08-31,28
1992-09-01,27
1992-09-02,27
1992-09-03,20
1992-09-04,25
1992-09-05,27
1992-09-06,22
1992-09-07,33
1992-09-08,24
1992-09-09,31
1992-09-10,26
1992-09-11,24
1992-09-12,27
1992-09-13,19
1992-09-14,28
1992-09-15,30
1992-09-16,15
1992-09-17,25
1992-09-18,25
1992-09-19,32
1992-09-20,30
1992-09-21,25
1992-09-22,26
1992-09-23,22
1992-09-24,26
1992-09-25,26
1992-09-26,33
1992-09-27,24
1992-09-28,23
1992-09-29,26
1992-09-30,27
1992-10-01,31
1992-10-02,28
1992-10-03,27
1992-10-04,43
1992-10-05,27
1992-10-06,18
1992-10-07,28
1992-10-08,31
1992-10-09,28
1992-10-10,23
1992-10-11,33
1992-10-12,20
1992-10-13,31
1992-10-14,29
1992-10-15,24
1992-10-16,31
1992-10-17,21
1992-10-18,27
1992-10-19,24
1992-10-20,31
1992-10-21,15
1992-10-22,29
1992-10-23,25
1992-10-24,16
1992-10-25,25
1992-10-26,31
1992-10-27,23
1992-10-28,26
1992-10-29,22
1992-10-30,36
1992-10-31,28
1992-11-01,31
1992-11-02,26
1992-11-03,29
1992-11-04,36
1992-11-05,25
1992-11-06,29
1992-11-07,29
1992-11-08,30
1992-11-09,33
1992-11-10,28
1992-11-11,38
1992-11-12,31
1992-11-13,27
1992-11-14,34
1992-11-15,25
1992-11-16,19
1992-11-17,36
1992-11-18,20
1992-11-19,30
1992-11-20,26
1992-11-21,25
1992-11-22,29
1992-11-23,28
1992-11-24,33
1992-11-25,24
1992-11-26,24
1992-11-27,28
1992-11-28,30
1992-11-29,28
1992-11-30,28
1992-12-01,25
1992-12-02,26
1992-12-03,31
1992-12-04,21
1992-12-05,28
1992-12-06,31
1992-12-07,32
1992-12-08,20
1992-12-09,18
1992-12-10,31
1992-12-11,33
1992-12-12,37
1992-12-13,27
1992-12-14,31
1992-12-15,21
1992-12-16,31
1992-12-17,31
1992-12-18,29
1992-12-19,29
1992-12-20,25
1992-12-21,25
1992-12-22,29
1992-12-23,30
1992-12-24,21
1992-12-25,30
1992-12-26,28
1992-12-27,31
1992-12-28,30
1992-12-29,30
1992-12-30,27
1992-12-31,26
1993-01-01,28
1993-01-02,29
1993-01-03,33
1993-01-04,34
1993-01-05,31
1993-01-06,25
1993-01-07,23
1993-01-08,23
1993-01-09,29
1993-01-10,37
1993-01-11,37
1993-01-12,24
1993-01-13,28
1993-01-14,21
1993-01-15,29
1993-01-16,25
1993-01-17,23
1993-01-18,28
1993-01-19,20
1993-01-20,17
1993-01-21,28
1993-01-22,25
1993-01-23,24
1993-01-24,23
1993-01-25,23
1993-01-26,27
1993-01-27,37
1993-01-28,20
1993-01-29,30
1993-01-30,18
1993-01-31,23
1993-02-01,29
1993-02-02,28
1993-02-03,21
1993-02-04,17
1993-02-05,26
1993-02-06,32
1993-02-07,20
1993-02-08,29
1993-02-09,22
1993-02-10,23
1993-02-11,22
1993-02-12,36
1993-02-13,37
1993-02-14,31
1993-02-15,28
1993-02-16,19
1993-02-17,36
1993-02-18,29
1993-02-19,28
1993-02-20,29
1993-02-21,31
1993-02-22,23
1993-02-23,30
1993-02-24,26
1993-02-25,30
1993-02-26,32
1993-02-27,29
1993-02-28,31
1993-03-01,32
1993-03-02,25
1993-03-03,25
1993-03-04,37
1993-03-05,28
1993-03-06,28
1993-03-07,24
1993-03-08,25
1993-03-09,39
1993-03-10,32
1993-03-11,27
1993-03-12,27
1993-03-13,35
1993-03-14,34
1993-03-15,30
1993-03-16,37
1993-03-17,31
1993-03-18,30
1993-03-19,33
1993-03-20,40
1993-03-21,27
1993-03-22,32
1993-03-23,22
1993-03-24,35
1993-03-25,45
1993-03-26,30
1993-03-27,33
1993-03-28,29
1993-03-29,34
1993-03-30,42
1993-03-31,38
1993-04-01,37
1993-04-02,34
1993-04-03,38
1993-04-04,23
1993-04-05,39
1993-04-06,30
1993-04-07,27
1993-04-08,25
1993-04-09,28
1993-04-10,33
1993-04-11,32
1993-04-12,27
1993-04-13,24
1993-04-14,23
1993-04-15,33
1993-04-16,20
1993-04-17,29
1993-04-18,32
1993-04-19,28
1993-04-20,22
1993-04-21,17
1993-04-22,34
1993-04-23,26
1993-04-24,27
1993-04-25,25
1993-04-26,31
1993-04-27,25
1993-04-28,34
1993-04-29,18
1993-04-30,33
1993-05-01,29
1993-05-02,35
1993-05-03,21
1993-05-04,29
1993-05-05,19
1993-05-06,28
1993-05-07,22
1993-05-08,21
1993-05-09,27
1993-05-10,31
1993-05-11,26
1993-05-12,31
1993-05-13,30
1993-05-14,27
1993-05-15,19
1993-05-16,17
1993-05-17,24
1993-05-18,29
1993-05-19,34
1993-05-20,28
1993-05-21,31
1993-05-22,23
1993-05-23,20
1993-05-24,17
1993-05-25,34
1993-05-26,29
1993-05-27,31
1993-05-28,22
1993-05-29,23
1993-05-30,30
1993-05-31,26
1993-06-01,30
1993-06-02,24
1993-06-03,24
1993-06-04,25
1993-06-05,27
1993-06-06,26
1993-06-07,26
1993-06-08,21
1993-06-09,29
1993-06-10,27
1993-06-11,28
1993-06-12,28
1993-06-13,23
1993-06-14,33
1993-06-15,23
1993-06-16,16
1993-06-17,30
1993-06-18,27
1993-06-19,20
1993-06-20,22
1993-06-21,32
1993-06-22,27
1993-06-23,29
1993-06-24,31
1993-06-25,25
1993-06-26,26
1993-06-27,23
1993-06-28,23
1993-06-29,32
1993-06-30,17
1993-07-01,28
1993-07-02,25
1993-07-03,27
1993-07-04,25
1993-07-05,25
1993-07-06,25
1993-07-07,23
1993-07-08,26
1993-07-09,23
1993-07-10,24
1993-07-11,21
1993-07-12,24
1993-07-13,32
1993-07-14,24
1993-07-15,23
1993-07-16,22
1993-07-17,19
1993-07-18,25
1993-07-19,28
1993-07-20,28
1993-07-21,23
1993-07-22,25
1993-07-23,32
1993-07-24,27
1993-07-25,30
1993-07-26,16
1993-07-27,30
1993-07-28,27
1993-07-29,29
1993-07-30,23
1993-07-31,19
1993-08-01,31
1993-08-02,31
1993-08-03,25
1993-08-04,22
1993-08-05,17
1993-08-06,23
1993-08-07,27
1993-08-08,34
1993-08-09,28
1993-08-10,20
1993-08-11,18
1993-08-12,27
1993-08-13,20
1993-08-14,24
1993-08-15,26
1993-08-16,36
1993-08-17,27
1993-08-18,22
1993-08-19,25
1993-08-20,23
1993-08-21,30
1993-08-22,19
1993-08-23,27
1993-08-24,30
1993-08-25,25
1993-08-26,26
1993-08-27,22
1993-08-28,24
1993-08-29,19
1993-08-30,24
1993-08-31,21
1993-09-01,24
1993-09-02,23
1993-09-03,20
1993-09-04,29
1993-09-05,21
1993-09-06,23
1993-09-07,30
1993-09-08,19
1993-09-09,32
1993-09-10,24
1993-09-11,31
1993-09-12,24
1993-09-13,26
1993-09-14,26
1993-09-15,24
1993-09-16,17
1993-09-17,27
1993-09-18,25
1993-09-19,31
1993-09-20,24
1993-09-21,22
1993-09-22,15
1993-09-23,20
1993-09-24,29
1993-09-25,27
1993-09-26,25
1993-09-27,26
1993-09-28,23
1993-09-29,24
1993-09-30,26
1993-10-01,19
1993-10-02,33
1993-10-03,33
1993-10-04,24
1993-10-05,36
1993-10-06,29
1993-10-07,32
1993-10-08,20
1993-10-09,31
1993-10-10,21
1993-10-11,29
1993-10-12,35
1993-10-13,37
1993-10-14,24
1993-10-15,32
1993-10-16,24
1993-10-17,31
1993-10-18,20
1993-10-19,25
1993-10-20,23
1993-10-21,29
1993-10-22,27
1993-10-23,29
1993-10-24,21
1993-10-25,27
1993-10-26,16
1993-10-27,21
1993-10-28,33
1993-10-29,26
1993-10-30,29
1993-10-31,41
1993-11-01,29
1993-11-02,37
1993-11-03,22
1993-11-04,35
1993-11-05,30
1993-11-06,26
1993-11-07,21
1993-11-08,24
1993-11-09,30
1993-11-10,29
1993-11-11,25
1993-11-12,24
1993-11-13,33
1993-11-14,28
1993-11-15,25
1993-11-16,22
1993-11-17,26
1993-11-18,37
1993-11-19,23
1993-11-20,26
1993-11-21,32
1993-11-22,22
1993-11-23,24
1993-11-24,28
1993-11-25,30
1993-11-26,26
1993-11-27,24
1993-11-28,27
1993-11-29,20
1993-11-30,23
1993-12-01,35
1993-12-02,26
1993-12-03,31
1993-12-04,33
1993-12-05,24
1993-12-06,25
1993-12-07,25
1993-12-08,32
1993-12-09,23
1993-12-10,26
1993-12-11,35
1993-12-12,34
1993-12-13,29
1993-12-14,17
1993-12-15,26
1993-12-16,22
1993-12-17,23
1993-12-18,32
1993-12-19,24
1993-12-20,32
1993-12-21,13
1993-12-22,32
1993-12-23,29
1993-12-24,20
1993-12-25,34
1993-12-26,32
1993-12-27,29
1993-12-28,25
1993-12-29,29
1993-12-30,31
1993-12-31,19
1994-01-01,32
1994-01-02,36
1994-01-03,23
1994-01-04,27
1994-01-05,34
1994-01-06,26
1994-01-07,25
1994-01-08,39
1994-01-09,24
1994-01-10,28
1994-01-11,34
1994-01-12,37
1994-01-13,22
1994-01-14,36
1994-01-15,32
1994-01-16,30
1994-01-17,31
1994-01-18,30
1994-01-19,28
1994-01-20,18
1994-01-21,27
1994-01-22,29
1994-01-23,28
1994-01-24,26
1994-01-25,34
1994-01-26,21
1994-01-27,28
1994-01-28,28
1994-01-29,31
1994-01-30,21
1994-01-31,22
1994-02-01,26
1994-02-02,20
1994-02-03,29
1994-02-04,27
1994-02-05,27
1994-02-06,17
1994-02-07,20
1994-02-08,33
1994-02-09,37
1994-02-10,34
1994-02-11,35
1994-02-12,27
1994-02-13,28
1994-02-14,20
1994-02-15,37
1994-02-16,31
1994-02-17,25
1994-02-18,37
1994-02-19,28
1994-02-20,32
1994-02-21,30
1994-02-22,26
1994-02-23,35
1994-02-24,23
1994-02-25,27
1994-02-26,32
1994-02-27,26
1994-02-28,33
1994-03-01,38
1994-03-02,26
1994-03-03,26
1994-03-04,30
1994-03-05,39
1994-03-06,23
1994-03-07,30
1994-03-08,28
1994-03-09,21
1994-03-10,27
1994-03-11,23
1994-03-12,29
1994-03-13,28
1994-03-14,19
1994-03-15,24
1994-03-16,28
1994-03-17,23
1994-03-18,34
1994-03-19,20
1994-03-20,27
1994-03-21,24
1994-03-22,26
1994-03-23,30
1994-03-24,31
1994-03-25,32
1994-03-26,21
1994-03-27,22
1994-03-28,37
1994-03-29,23
1994-03-30,25
1994-03-31,26
1994-04-01,24
1994-04-02,33
1994-04-03,25
1994-04-04,28
1994-04-05,31
1994-04-06,29
1994-04-07,26
1994-04-08,31
1994-04-09,29
1994-04-10,17
1994-04-11,27
1994-04-12,26
1994-04-13,27
1994-04-14,20
1994-04-15,28
1994-04-16,25
1994-04-17,26
1994-04-18,25
1994-04-19,27
1994-04-20,22
1994-04-21,39
1994-04-22,21
1994-04-23,21
1994-04-24,28
1994-04-25,28
1994-04-26,24
1994-04-27,21
1994-04-28,19
1994-04-29,20
1994-04-30,23
1994-05-01,20
1994-05-02,30
1994-05-03,22
1994-05-04,26
1994-05-05,32
1994-05-06,17
1994-05-07,25
1994-05-08,26
1994-05-09,27
1994-05-10,20
1994-05-11,24
1994-05-12,23
1994-05-13,19
1994-05-14,24
1994-05-15,20
1994-05-16,18
1994-05-17,24
1994-05-18,32
1994-05-19,24
1994-05-20,32
1994-05-21,19
1994-05-22,21
1994-05-23,25
1994-05-24,29
1994-05-25,26
1994-05-26,22
1994-05-27,19
1994-05-28,38
1994-05-29,19
1994-05-30,18
1994-05-31,25
1994-06-01,20
1994-06-02,14
1994-06-03,28
1994-06-04,21
1994-06-05,29
1994-06-06,32
1994-06-07,24
1994-06-08,32
1994-06-09,25
1994-06-10,33
1994-06-11,35
1994-06-12,18
1994-06-13,30
1994-06-14,27
1994-06-15,20
1994-06-16,28
1994-06-17,21
1994-06-18,27
1994-06-19,34
1994-06-20,29
1994-06-21,29
1994-06-22,20
1994-06-23,24
1994-06-24,26
1994-06-25,23
1994-06-26,23
1994-06-27,25
1994-06-28,30
1994-06-29,26
1994-06-30,24
1994-07-01,22
1994-07-02,25
1994-07-03,21
1994-07-04,33
1994-07-05,38
1994-07-06,26
1994-07-07,30
1994-07-08,27
1994-07-09,15
1994-07-10,18
1994-07-11,28
1994-07-12,15
1994-07-13,23
1994-07-14,25
1994-07-15,20
1994-07-16,13
1994-07-17,18
1994-07-18,22
1994-07-19,23
1994-07-20,27
1994-07-21,15
1994-07-22,20
1994-07-23,21
1994-07-24,22
1994-07-25,19
1994-07-26,18
1994-07-27,23
1994-07-28,26
1994-07-29,22
1994-07-30,32
1994-07-31,28
1994-08-01,34
1994-08-02,16
1994-08-03,33
1994-08-04,17
1994-08-05,28
1994-08-06,17
1994-08-07,18
1994-08-08,23
1994-08-09,22
1994-08-10,22
1994-08-11,28
1994-08-12,17
1994-08-13,23
1994-08-14,18
1994-08-15,18
1994-08-16,34
1994-08-17,19
1994-08-18,25
1994-08-19,27
1994-08-20,27
1994-08-21,28
1994-08-22,24
1994-08-23,28
1994-08-24,25
1994-08-25,24
1994-08-26,29
1994-08-27,23
1994-08-28,20
1994-08-29,18
1994-08-30,21
1994-08-31,19
1994-09-01,21
1994-09-02,23
1994-09-03,20
1994-09-04,19
1994-09-05,21
1994-09-06,20
1994-09-07,20
1994-09-08,21
1994-09-09,38
1994-09-10,19
1994-09-11,34
1994-09-12,26
1994-09-13,23
1994-09-14,28
1994-09-15,36
1994-09-16,22
1994-09-17,30
1994-09-18,21
1994-09-19,27
1994-09-20,30
1994-09-21,26
1994-09-22,19
1994-09-23,24
1994-09-24,28
1994-09-25,25
1994-09-26,23
1994-09-27,28
1994-09-28,21
1994-09-29,20
1994-09-30,24
1994-10-01,33
1994-10-02,23
1994-10-03,31
1994-10-04,19
1994-10-05,22
1994-10-06,29
1994-10-07,22
1994-10-08,29
1994-10-09,18
1994-10-10,31
1994-10-11,30
1994-10-12,28
1994-10-13,42
1994-10-14,28
1994-10-15,24
1994-10-16,14
1994-10-17,33
1994-10-18,22
1994-10-19,18
1994-10-20,28
1994-10-21,29
1994-10-22,20
1994-10-23,25
1994-10-24,21
1994-10-25,24
1994-10-26,26
1994-10-27,25
1994-10-28,25
1994-10-29,23
1994-10-30,21
1994-10-31,20
1994-11-01,32
1994-11-02,34
1994-11-03,26
1994-11-04,21
1994-11-05,32
1994-11-06,25
1994-11-07,21
1994-11-08,19
1994-11-09,25
1994-11-10,23
1994-11-11,28
1994-11-12,31
1994-11-13,16
1994-11-14,27
1994-11-15,26
1994-11-16,17
1994-11-17,25
1994-11-18,23
1994-11-19,37
1994-11-20,19
1994-11-21,26
1994-11-22,29
1994-11-23,32
1994-11-24,20
1994-11-25,40
1994-11-26,25
1994-11-27,17
1994-11-28,19
1994-11-29,32
1994-11-30,26
1994-12-01,30
1994-12-02,37
1994-12-03,25
1994-12-04,17
1994-12-05,24
1994-12-06,25
1994-12-07,28
1994-12-08,28
1994-12-09,30
1994-12-10,25
1994-12-11,26
1994-12-12,36
1994-12-13,35
1994-12-14,26
1994-12-15,20
1994-12-16,37
1994-12-17,29
1994-12-18,23
1994-12-19,23
1994-12-20,31
1994-12-21,32
1994-12-22,32
1994-12-23,37
1994-12-24,30
1994-12-25,25
1994-12-26,30
1994-12-27,32
1994-12-28,26
1994-12-29,27
1994-12-30,31
1994-12-31,33
1995-01-01,33
1995-01-02,35
1995-01-03,23
1995-01-04,26
1995-01-05,26
1995-01-06,30
1995-01-07,31
1995-01-08,31
1995-01-09,29
1995-01-10,36
1995-01-11,30
1995-01-12,36
1995-01-13,31
1995-01-14,29
1995-01-15,32
1995-01-16,24
1995-01-17,31
1995-01-18,23
1995-01-19,40
1995-01-20,31
1995-01-21,29
1995-01-22,26
1995-01-23,23
1995-01-24,26
1995-01-25,30
1995-01-26,24
1995-01-27,39
1995-01-28,32
1995-01-29,34
1995-01-30,31
1995-01-31,31
1995-02-01,35
1995-02-02,26
1995-02-03,31
1995-02-04,33
1995-02-05,36
1995-02-06,36
1995-02-07,32
1995-02-08,31
1995-02-09,38
1995-02-10,36
1995-02-11,37
1995-02-12,21
1995-02-13,40
1995-02-14,22
1995-02-15,27
1995-02-16,29
1995-02-17,37
1995-02-18,30
1995-02-19,23
1995-02-20,37
1995-02-21,29
1995-02-22,22
1995-02-23,25
1995-02-24,26
1995-02-25,26
1995-02-26,26
1995-02-27,23
1995-02-28,37
1995-03-01,33
1995-03-02,35
1995-03-03,32
1995-03-04,26
1995-03-05,24
1995-03-06,28
1995-03-07,25
1995-03-08,31
1995-03-09,21
1995-03-10,22
1995-03-11,25
1995-03-12,26
1995-03-13,25
1995-03-14,28
1995-03-15,20
1995-03-16,28
1995-03-17,27
1995-03-18,26
1995-03-19,26
1995-03-20,25
1995-03-21,16
1995-03-22,20
1995-03-23,30
1995-03-24,34
1995-03-25,35
1995-03-26,26
1995-03-27,23
1995-03-28,28
1995-03-29,31
1995-03-30,28
1995-03-31,29
1995-04-01,30
1995-04-02,20
1995-04-03,28
1995-04-04,22
1995-04-05,22
1995-04-06,24
1995-04-07,24
1995-04-08,24
1995-04-09,21
1995-04-10,32
1995-04-11,31
1995-04-12,25
1995-04-13,27
1995-04-14,25
1995-04-15,30
1995-04-16,20
1995-04-17,29
1995-04-18,34
1995-04-19,24
1995-04-20,26
1995-04-21,19
1995-04-22,22
1995-04-23,28
1995-04-24,30
1995-04-25,25
1995-04-26,23
1995-04-27,32
1995-04-28,26
1995-04-29,28
1995-04-30,24
1995-05-01,25
1995-05-02,30
1995-05-03,27
1995-05-04,18
1995-05-05,36
1995-05-06,26
1995-05-07,33
1995-05-08,27
1995-05-09,26
1995-05-10,27
1995-05-11,25
1995-05-12,31
1995-05-13,20
1995-05-14,27
1995-05-15,32
1995-05-16,24
1995-05-17,15
1995-05-18,21
1995-05-19,26
1995-05-20,18
1995-05-21,25
1995-05-22,33
1995-05-23,25
1995-05-24,32
1995-05-25,27
1995-05-26,32
1995-05-27,28
1995-05-28,20
1995-05-29,24
1995-05-30,32
1995-05-31,26
1995-06-01,24
1995-06-02,23
1995-06-03,21
1995-06-04,19
1995-06-05,30
1995-06-06,32
1995-06-07,25
1995-06-08,16
1995-06-09,14
1995-06-10,27
1995-06-11,22
1995-06-12,22
1995-06-13,28
1995-06-14,30
1995-06-15,17
1995-06-16,27
1995-06-17,19
1995-06-18,26
1995-06-19,26
1995-06-20,31
1995-06-21,26
1995-06-22,28
1995-06-23,19
1995-06-24,22
1995-06-25,29
1995-06-26,30
1995-06-27,27
1995-06-28,27
1995-06-29,27
1995-06-30,30
1995-07-01,23
1995-07-02,18
1995-07-03,28
1995-07-04,29
1995-07-05,25
1995-07-06,22
1995-07-07,22
1995-07-08,20
1995-07-09,23
1995-07-10,29
1995-07-11,36
1995-07-12,31
1995-07-13,22
1995-07-14,45
1995-07-15,NA
1995-07-16,NA
1995-07-17,NA
1995-07-18,40
1995-07-19,26
1995-07-20,20
1995-07-21,19
1995-07-22,19
1995-07-23,26
1995-07-24,24
1995-07-25,24
1995-07-26,14
1995-07-27,24
1995-07-28,15
1995-07-29,30
1995-07-30,26
1995-07-31,24
1995-08-01,24
1995-08-02,22
1995-08-03,20
1995-08-04,27
1995-08-05,16
1995-08-06,19
1995-08-07,29
1995-08-08,29
1995-08-09,16
1995-08-10,19
1995-08-11,23
1995-08-12,28
1995-08-13,31
1995-08-14,27
1995-08-15,28
1995-08-16,13
1995-08-17,19
1995-08-18,21
1995-08-19,24
1995-08-20,19
1995-08-21,16
1995-08-22,20
1995-08-23,31
1995-08-24,21
1995-08-25,21
1995-08-26,28
1995-08-27,25
1995-08-28,19
1995-08-29,27
1995-08-30,22
1995-08-31,20
1995-09-01,29
1995-09-02,39
1995-09-03,27
1995-09-04,20
1995-09-05,17
1995-09-06,27
1995-09-07,31
1995-09-08,21
1995-09-09,19
1995-09-10,23
1995-09-11,26
1995-09-12,17
1995-09-13,22
1995-09-14,30
1995-09-15,21
1995-09-16,20
1995-09-17,21
1995-09-18,21
1995-09-19,31
1995-09-20,24
1995-09-21,16
1995-09-22,27
1995-09-23,17
1995-09-24,26
1995-09-25,27
1995-09-26,27
1995-09-27,35
1995-09-28,25
1995-09-29,19
1995-09-30,30
1995-10-01,26
1995-10-02,24
1995-10-03,23
1995-10-04,36
1995-10-05,15
1995-10-06,17
1995-10-07,35
1995-10-08,22
1995-10-09,24
1995-10-10,16
1995-10-11,24
1995-10-12,26
1995-10-13,22
1995-10-14,22
1995-10-15,29
1995-10-16,21
1995-10-17,24
1995-10-18,22
1995-10-19,25
1995-10-20,18
1995-10-21,23
1995-10-22,24
1995-10-23,25
1995-10-24,28
1995-10-25,26
1995-10-26,23
1995-10-27,25
1995-10-28,22
1995-10-29,16
1995-10-30,17
1995-10-31,23
1995-11-01,25
1995-11-02,19
1995-11-03,31
1995-11-04,29
1995-11-05,32
1995-11-06,27
1995-11-07,32
1995-11-08,27
1995-11-09,23
1995-11-10,16
1995-11-11,31
1995-11-12,28
1995-11-13,25
1995-11-14,23
1995-11-15,32
1995-11-16,40
1995-11-17,22
1995-11-18,29
1995-11-19,23
1995-11-20,28
1995-11-21,20
1995-11-22,22
1995-11-23,37
1995-11-24,26
1995-11-25,19
1995-11-26,27
1995-11-27,32
1995-11-28,24
1995-11-29,28
1995-11-30,34
1995-12-01,22
1995-12-02,27
1995-12-03,33
1995-12-04,34
1995-12-05,30
1995-12-06,29
1995-12-07,21
1995-12-08,21
1995-12-09,34
1995-12-10,34
1995-12-11,29
1995-12-12,25
1995-12-13,39
1995-12-14,33
1995-12-15,31
1995-12-16,31
1995-12-17,30
1995-12-18,20
1995-12-19,29
1995-12-20,24
1995-12-21,30
1995-12-22,23
1995-12-23,26
1995-12-24,23
1995-12-25,26
1995-12-26,25
1995-12-27,28
1995-12-28,39
1995-12-29,35
1995-12-30,30
1995-12-31,22
1996-01-01,26
1996-01-02,24
1996-01-03,20
1996-01-04,24
1996-01-05,24
1996-01-06,34
1996-01-07,46
1996-01-08,30
1996-01-09,25
1996-01-10,29
1996-01-11,28
1996-01-12,23
1996-01-13,26
1996-01-14,17
1996-01-15,26
1996-01-16,20
1996-01-17,22
1996-01-18,21
1996-01-19,28
1996-01-20,38
1996-01-21,20
1996-01-22,26
1996-01-23,25
1996-01-24,22
1996-01-25,17
1996-01-26,25
1996-01-27,26
1996-01-28,26
1996-01-29,28
1996-01-30,30
1996-01-31,19
1996-02-01,28
1996-02-02,23
1996-02-03,24
1996-02-04,22
1996-02-05,25
1996-02-06,33
1996-02-07,30
1996-02-08,22
1996-02-09,27
1996-02-10,19
1996-02-11,29
1996-02-12,22
1996-02-13,24
1996-02-14,20
1996-02-15,34
1996-02-16,26
1996-02-17,20
1996-02-18,32
1996-02-19,18
1996-02-20,22
1996-02-21,24
1996-02-22,26
1996-02-23,19
1996-02-24,20
1996-02-25,28
1996-02-26,24
1996-02-27,23
1996-02-28,24
1996-02-29,19
1996-03-01,19
1996-03-02,20
1996-03-03,36
1996-03-04,37
1996-03-05,34
1996-03-06,33
1996-03-07,30
1996-03-08,23
1996-03-09,21
1996-03-10,22
1996-03-11,24
1996-03-12,31
1996-03-13,20
1996-03-14,28
1996-03-15,19
1996-03-16,17
1996-03-17,27
1996-03-18,17
1996-03-19,24
1996-03-20,20
1996-03-21,20
1996-03-22,32
1996-03-23,21
1996-03-24,21
1996-03-25,25
1996-03-26,29
1996-03-27,24
1996-03-28,27
1996-03-29,27
1996-03-30,27
1996-03-31,31
1996-04-01,31
1996-04-02,15
1996-04-03,25
1996-04-04,23
1996-04-05,24
1996-04-06,30
1996-04-07,18
1996-04-08,26
1996-04-09,35
1996-04-10,27
1996-04-11,21
1996-04-12,17
1996-04-13,22
1996-04-14,26
1996-04-15,26
1996-04-16,17
1996-04-17,25
1996-04-18,25
1996-04-19,28
1996-04-20,20
1996-04-21,20
1996-04-22,25
1996-04-23,23
1996-04-24,28
1996-04-25,29
1996-04-26,12
1996-04-27,24
1996-04-28,19
1996-04-29,31
1996-04-30,21
1996-05-01,29
1996-05-02,31
1996-05-03,35
1996-05-04,19
1996-05-05,22
1996-05-06,17
1996-05-07,26
1996-05-08,22
1996-05-09,20
1996-05-10,27
1996-05-11,25
1996-05-12,22
1996-05-13,21
1996-05-14,18
1996-05-15,27
1996-05-16,18
1996-05-17,33
1996-05-18,31
1996-05-19,30
1996-05-20,25
1996-05-21,27
1996-05-22,26
1996-05-23,21
1996-05-24,22
1996-05-25,25
1996-05-26,21
1996-05-27,22
1996-05-28,18
1996-05-29,25
1996-05-30,21
1996-05-31,25
1996-06-01,20
1996-06-02,20
1996-06-03,27
1996-06-04,28
1996-06-05,30
1996-06-06,23
1996-06-07,15
1996-06-08,26
1996-06-09,21
1996-06-10,30
1996-06-11,26
1996-06-12,22
1996-06-13,19
1996-06-14,20
1996-06-15,32
1996-06-16,23
1996-06-17,26
1996-06-18,23
1996-06-19,31
1996-06-20,28
1996-06-21,20
1996-06-22,26
1996-06-23,17
1996-06-24,27
1996-06-25,31
1996-06-26,25
1996-06-27,30
1996-06-28,27
1996-06-29,24
1996-06-30,22
1996-07-01,28
1996-07-02,24
1996-07-03,31
1996-07-04,18
1996-07-05,29
1996-07-06,26
1996-07-07,20
1996-07-08,21
1996-07-09,18
1996-07-10,20
1996-07-11,23
1996-07-12,18
1996-07-13,31
1996-07-14,20
1996-07-15,30
1996-07-16,28
1996-07-17,23
1996-07-18,17
1996-07-19,24
1996-07-20,20
1996-07-21,21
1996-07-22,22
1996-07-23,29
1996-07-24,15
1996-07-25,25
1996-07-26,16
1996-07-27,21
1996-07-28,16
1996-07-29,26
1996-07-30,22
1996-07-31,21
1996-08-01,22
1996-08-02,21
1996-08-03,23
1996-08-04,14
1996-08-05,21
1996-08-06,32
1996-08-07,26
1996-08-08,27
1996-08-09,22
1996-08-10,20
1996-08-11,21
1996-08-12,26
1996-08-13,21
1996-08-14,23
1996-08-15,22
1996-08-16,17
1996-08-17,22
1996-08-18,22
1996-08-19,28
1996-08-20,21
1996-08-21,20
1996-08-22,18
1996-08-23,25
1996-08-24,29
1996-08-25,17
1996-08-26,17
1996-08-27,19
1996-08-28,23
1996-08-29,21
1996-08-30,26
1996-08-31,19
1996-09-01,17
1996-09-02,27
1996-09-03,26
1996-09-04,23
1996-09-05,26
1996-09-06,23
1996-09-07,28
1996-09-08,17
1996-09-09,19
1996-09-10,18
1996-09-11,22
1996-09-12,19
1996-09-13,27
1996-09-14,19
1996-09-15,30
1996-09-16,29
1996-09-17,21
1996-09-18,27
1996-09-19,20
1996-09-20,19
1996-09-21,22
1996-09-22,22
1996-09-23,23
1996-09-24,33
1996-09-25,25
1996-09-26,18
1996-09-27,33
1996-09-28,29
1996-09-29,22
1996-09-30,30
1996-10-01,22
1996-10-02,12
1996-10-03,19
1996-10-04,31
1996-10-05,20
1996-10-06,28
1996-10-07,23
1996-10-08,30
1996-10-09,24
1996-10-10,21
1996-10-11,27
1996-10-12,13
1996-10-13,28
1996-10-14,18
1996-10-15,25
1996-10-16,24
1996-10-17,20
1996-10-18,14
1996-10-19,23
1996-10-20,21
1996-10-21,22
1996-10-22,17
1996-10-23,30
1996-10-24,19
1996-10-25,20
1996-10-26,25
1996-10-27,23
1996-10-28,23
1996-10-29,23
1996-10-30,22
1996-10-31,14
1996-11-01,23
1996-11-02,23
1996-11-03,19
1996-11-04,37
1996-11-05,22
1996-11-06,23
1996-11-07,34
1996-11-08,19
1996-11-09,28
1996-11-10,23
1996-11-11,33
1996-11-12,25
1996-11-13,25
1996-11-14,29
1996-11-15,18
1996-11-16,31
1996-11-17,21
1996-11-18,19
1996-11-19,26
1996-11-20,21
1996-11-21,30
1996-11-22,25
1996-11-23,21
1996-11-24,32
1996-11-25,32
1996-11-26,33
1996-11-27,16
1996-11-28,27
1996-11-29,40
1996-11-30,37
1996-12-01,30
1996-12-02,28
1996-12-03,24
1996-12-04,24
1996-12-05,31
1996-12-06,23
1996-12-07,23
1996-12-08,34
1996-12-09,30
1996-12-10,24
1996-12-11,39
1996-12-12,20
1996-12-13,18
1996-12-14,26
1996-12-15,22
1996-12-16,18
1996-12-17,21
1996-12-18,29
1996-12-19,20
1996-12-20,27
1996-12-21,23
1996-12-22,29
1996-12-23,22
1996-12-24,26
1996-12-25,21
1996-12-26,20
1996-12-27,36
1996-12-28,28
1996-12-29,26
1996-12-30,30
1996-12-31,28
1997-01-01,38
1997-01-02,23
1997-01-03,23
1997-01-04,25
1997-01-05,21
1997-01-06,24
1997-01-07,18
1997-01-08,23
1997-01-09,27
1997-01-10,30
1997-01-11,17
1997-01-12,25
1997-01-13,25
1997-01-14,32
1997-01-15,30
1997-01-16,22
1997-01-17,25
1997-01-18,25
1997-01-19,24
1997-01-20,21
1997-01-21,31
1997-01-22,28
1997-01-23,29
1997-01-24,23
1997-01-25,20
1997-01-26,28
1997-01-27,26
1997-01-28,21
1997-01-29,24
1997-01-30,23
1997-01-31,24
1997-02-01,24
1997-02-02,21
1997-02-03,18
1997-02-04,37
1997-02-05,24
1997-02-06,20
1997-02-07,19
1997-02-08,25
1997-02-09,24
1997-02-10,20
1997-02-11,27
1997-02-12,33
1997-02-13,17
1997-02-14,22
1997-02-15,23
1997-02-16,27
1997-02-17,17
1997-02-18,27
1997-02-19,19
1997-02-20,26
1997-02-21,20
1997-02-22,24
1997-02-23,34
1997-02-24,23
1997-02-25,15
1997-02-26,19
1997-02-27,26
1997-02-28,25
1997-03-01,29
1997-03-02,27
1997-03-03,20
1997-03-04,17
1997-03-05,27
1997-03-06,19
1997-03-07,26
1997-03-08,18
1997-03-09,25
1997-03-10,24
1997-03-11,24
1997-03-12,22
1997-03-13,27
1997-03-14,30
1997-03-15,14
1997-03-16,23
1997-03-17,26
1997-03-18,28
1997-03-19,18
1997-03-20,23
1997-03-21,20
1997-03-22,21
1997-03-23,27
1997-03-24,27
1997-03-25,25
1997-03-26,24
1997-03-27,21
1997-03-28,32
1997-03-29,27
1997-03-30,20
1997-03-31,24
1997-04-01,29
1997-04-02,29
1997-04-03,32
1997-04-04,23
1997-04-05,19
1997-04-06,24
1997-04-07,17
1997-04-08,25
1997-04-09,40
1997-04-10,31
1997-04-11,19
1997-04-12,30
1997-04-13,23
1997-04-14,27
1997-04-15,32
1997-04-16,18
1997-04-17,19
1997-04-18,28
1997-04-19,21
1997-04-20,29
1997-04-21,24
1997-04-22,24
1997-04-23,23
1997-04-24,26
1997-04-25,25
1997-04-26,21
1997-04-27,23
1997-04-28,26
1997-04-29,22
1997-04-30,27
1997-05-01,20
1997-05-02,32
1997-05-03,12
1997-05-04,28
1997-05-05,23
1997-05-06,28
1997-05-07,28
1997-05-08,18
1997-05-09,24
1997-05-10,31
1997-05-11,22
1997-05-12,31
1997-05-13,29
1997-05-14,24
1997-05-15,24
1997-05-16,30
1997-05-17,26
1997-05-18,23
1997-05-19,19
1997-05-20,24
1997-05-21,22
1997-05-22,21
1997-05-23,15
1997-05-24,20
1997-05-25,21
1997-05-26,22
1997-05-27,18
1997-05-28,28
1997-05-29,20
1997-05-30,29
1997-05-31,23
1997-06-01,21
1997-06-02,25
1997-06-03,22
1997-06-04,20
1997-06-05,27
1997-06-06,21
1997-06-07,16
1997-06-08,25
1997-06-09,20
1997-06-10,20
1997-06-11,18
1997-06-12,21
1997-06-13,22
1997-06-14,13
1997-06-15,23
1997-06-16,23
1997-06-17,25
1997-06-18,21
1997-06-19,24
1997-06-20,20
1997-06-21,23
1997-06-22,15
1997-06-23,19
1997-06-24,18
1997-06-25,25
1997-06-26,17
1997-06-27,35
1997-06-28,24
1997-06-29,22
1997-06-30,31
1997-07-01,26
1997-07-02,24
1997-07-03,24
1997-07-04,22
1997-07-05,23
1997-07-06,21
1997-07-07,21
1997-07-08,15
1997-07-09,18
1997-07-10,23
1997-07-11,17
1997-07-12,20
1997-07-13,15
1997-07-14,27
1997-07-15,17
1997-07-16,26
1997-07-17,23
1997-07-18,17
1997-07-19,19
1997-07-20,14
1997-07-21,19
1997-07-22,18
1997-07-23,20
1997-07-24,19
1997-07-25,22
1997-07-26,21
1997-07-27,20
1997-07-28,22
1997-07-29,19
1997-07-30,19
1997-07-31,14
1997-08-01,25
1997-08-02,21
1997-08-03,23
1997-08-04,17
1997-08-05,22
1997-08-06,17
1997-08-07,20
1997-08-08,18
1997-08-09,17
1997-08-10,24
1997-08-11,21
1997-08-12,23
1997-08-13,17
1997-08-14,23
1997-08-15,21
1997-08-16,12
1997-08-17,17
1997-08-18,27
1997-08-19,20
1997-08-20,22
1997-08-21,21
1997-08-22,20
1997-08-23,24
1997-08-24,19
1997-08-25,28
1997-08-26,13
1997-08-27,19
1997-08-28,19
1997-08-29,16
1997-08-30,23
1997-08-31,17
1997-09-01,22
1997-09-02,23
1997-09-03,13
1997-09-04,24
1997-09-05,21
1997-09-06,25
1997-09-07,14
1997-09-08,21
1997-09-09,16
1997-09-10,21
1997-09-11,26
1997-09-12,19
1997-09-13,19
1997-09-14,19
1997-09-15,21
1997-09-16,23
1997-09-17,12
1997-09-18,14
1997-09-19,28
1997-09-20,21
1997-09-21,16
1997-09-22,23
1997-09-23,17
1997-09-24,21
1997-09-25,21
1997-09-26,17
1997-09-27,24
1997-09-28,15
1997-09-29,26
1997-09-30,23
1997-10-01,30
1997-10-02,30
1997-10-03,25
1997-10-04,20
1997-10-05,22
1997-10-06,26
1997-10-07,37
1997-10-08,26
1997-10-09,15
1997-10-10,17
1997-10-11,25
1997-10-12,22
1997-10-13,21
1997-10-14,17
1997-10-15,20
1997-10-16,28
1997-10-17,11
1997-10-18,33
1997-10-19,21
1997-10-20,16
1997-10-21,28
1997-10-22,28
1997-10-23,23
1997-10-24,24
1997-10-25,27
1997-10-26,27
1997-10-27,27
1997-10-28,35
1997-10-29,19
1997-10-30,34
1997-10-31,25
1997-11-01,24
1997-11-02,20
1997-11-03,21
1997-11-04,27
1997-11-05,29
1997-11-06,26
1997-11-07,28
1997-11-08,23
1997-11-09,22
1997-11-10,39
1997-11-11,20
1997-11-12,19
1997-11-13,22
1997-11-14,21
1997-11-15,23
1997-11-16,25
1997-11-17,27
1997-11-18,24
1997-11-19,34
1997-11-20,21
1997-11-21,25
1997-11-22,17
1997-11-23,21
1997-11-24,26
1997-11-25,20
1997-11-26,28
1997-11-27,18
1997-11-28,24
1997-11-29,24
1997-11-30,17
1997-12-01,19
1997-12-02,33
1997-12-03,21
1997-12-04,21
1997-12-05,27
1997-12-06,22
1997-12-07,25
1997-12-08,17
1997-12-09,17
1997-12-10,36
1997-12-11,18
1997-12-12,25
1997-12-13,24
1997-12-14,20
1997-12-15,22
1997-12-16,24
1997-12-17,23
1997-12-18,28
1997-12-19,23
1997-12-20,21
1997-12-21,34
1997-12-22,25
1997-12-23,25
1997-12-24,25
1997-12-25,20
1997-12-26,20
1997-12-27,21
1997-12-28,17
1997-12-29,21
1997-12-30,31
1997-12-31,38
1998-01-01,23
1998-01-02,29
1998-01-03,31
1998-01-04,29
1998-01-05,18
1998-01-06,28
1998-01-07,21
1998-01-08,14
1998-01-09,29
1998-01-10,20
1998-01-11,23
1998-01-12,24
1998-01-13,20
1998-01-14,27
1998-01-15,30
1998-01-16,35
1998-01-17,30
1998-01-18,38
1998-01-19,21
1998-01-20,23
1998-01-21,23
1998-01-22,27
1998-01-23,25
1998-01-24,25
1998-01-25,22
1998-01-26,32
1998-01-27,19
1998-01-28,26
1998-01-29,18
1998-01-30,29
1998-01-31,24
1998-02-01,26
1998-02-02,21
1998-02-03,19
1998-02-04,27
1998-02-05,26
1998-02-06,15
1998-02-07,30
1998-02-08,31
1998-02-09,29
1998-02-10,27
1998-02-11,24
1998-02-12,20
1998-02-13,21
1998-02-14,30
1998-02-15,31
1998-02-16,24
1998-02-17,24
1998-02-18,22
1998-02-19,30
1998-02-20,19
1998-02-21,22
1998-02-22,26
1998-02-23,24
1998-02-24,30
1998-02-25,23
1998-02-26,27
1998-02-27,29
1998-02-28,28
1998-03-01,22
1998-03-02,27
1998-03-03,22
1998-03-04,19
1998-03-05,26
1998-03-06,22
1998-03-07,31
1998-03-08,30
1998-03-09,31
1998-03-10,26
1998-03-11,24
1998-03-12,19
1998-03-13,26
1998-03-14,27
1998-03-15,20
1998-03-16,28
1998-03-17,20
1998-03-18,23
1998-03-19,25
1998-03-20,18
1998-03-21,22
1998-03-22,17
1998-03-23,20
1998-03-24,25
1998-03-25,28
1998-03-26,25
1998-03-27,32
1998-03-28,20
1998-03-29,21
1998-03-30,22
1998-03-31,19
1998-04-01,23
1998-04-02,22
1998-04-03,18
1998-04-04,17
1998-04-05,20
1998-04-06,15
1998-04-07,24
1998-04-08,18
1998-04-09,22
1998-04-10,29
1998-04-11,20
1998-04-12,21
1998-04-13,21
1998-04-14,22
1998-04-15,23
1998-04-16,20
1998-04-17,21
1998-04-18,23
1998-04-19,25
1998-04-20,21
1998-04-21,21
1998-04-22,23
1998-04-23,17
1998-04-24,26
1998-04-25,24
1998-04-26,19
1998-04-27,14
1998-04-28,22
1998-04-29,20
1998-04-30,26
1998-05-01,20
1998-05-02,14
1998-05-03,24
1998-05-04,19
1998-05-05,19
1998-05-06,17
1998-05-07,17
1998-05-08,21
1998-05-09,16
1998-05-10,32
1998-05-11,26
1998-05-12,23
1998-05-13,28
1998-05-14,30
1998-05-15,20
1998-05-16,11
1998-05-17,27
1998-05-18,22
1998-05-19,31
1998-05-20,19
1998-05-21,21
1998-05-22,24
1998-05-23,32
1998-05-24,13
1998-05-25,29
1998-05-26,21
1998-05-27,20
1998-05-28,20
1998-05-29,31
1998-05-30,27
1998-05-31,31
1998-06-01,23
1998-06-02,24
1998-06-03,13
1998-06-04,27
1998-06-05,21
1998-06-06,25
1998-06-07,23
1998-06-08,19
1998-06-09,20
1998-06-10,20
1998-06-11,23
1998-06-12,25
1998-06-13,17
1998-06-14,22
1998-06-15,16
1998-06-16,14
1998-06-17,14
1998-06-18,25
1998-06-19,17
1998-06-20,26
1998-06-21,25
1998-06-22,17
1998-06-23,24
1998-06-24,20
1998-06-25,31
1998-06-26,18
1998-06-27,19
1998-06-28,16
1998-06-29,22
1998-06-30,21
1998-07-01,14
1998-07-02,22
1998-07-03,18
1998-07-04,22
1998-07-05,16
1998-07-06,21
1998-07-07,24
1998-07-08,10
1998-07-09,13
1998-07-10,18
1998-07-11,26
1998-07-12,24
1998-07-13,21
1998-07-14,20
1998-07-15,12
1998-07-16,23
1998-07-17,24
1998-07-18,15
1998-07-19,27
1998-07-20,14
1998-07-21,28
1998-07-22,21
1998-07-23,24
1998-07-24,21
1998-07-25,29
1998-07-26,30
1998-07-27,19
1998-07-28,12
1998-07-29,24
1998-07-30,22
1998-07-31,19
1998-08-01,26
1998-08-02,16
1998-08-03,16
1998-08-04,13
1998-08-05,16
1998-08-06,27
1998-08-07,21
1998-08-08,18
1998-08-09,9
1998-08-10,22
1998-08-11,22
1998-08-12,18
1998-08-13,23
1998-08-14,20
1998-08-15,24
1998-08-16,13
1998-08-17,25
1998-08-18,21
1998-08-19,19
1998-08-20,36
1998-08-21,27
1998-08-22,22
1998-08-23,11
1998-08-24,20
1998-08-25,24
1998-08-26,22
1998-08-27,27
1998-08-28,21
1998-08-29,23
1998-08-30,28
1998-08-31,27
1998-09-01,27
1998-09-02,18
1998-09-03,34
1998-09-04,18
1998-09-05,23
1998-09-06,28
1998-09-07,19
1998-09-08,24
1998-09-09,21
1998-09-10,27
1998-09-11,17
1998-09-12,25
1998-09-13,21
1998-09-14,25
1998-09-15,31
1998-09-16,24
1998-09-17,20
1998-09-18,18
1998-09-19,23
1998-09-20,22
1998-09-21,26
1998-09-22,14
1998-09-23,35
1998-09-24,19
1998-09-25,19
1998-09-26,29
1998-09-27,19
1998-09-28,17
1998-09-29,21
1998-09-30,12
1998-10-01,19
1998-10-02,15
1998-10-03,21
1998-10-04,22
1998-10-05,23
1998-10-06,17
1998-10-07,21
1998-10-08,17
1998-10-09,20
1998-10-10,21
1998-10-11,26
1998-10-12,31
1998-10-13,28
1998-10-14,22
1998-10-15,17
1998-10-16,20
1998-10-17,23
1998-10-18,21
1998-10-19,15
1998-10-20,12
1998-10-21,22
1998-10-22,19
1998-10-23,21
1998-10-24,20
1998-10-25,28
1998-10-26,29
1998-10-27,34
1998-10-28,18
1998-10-29,26
1998-10-30,18
1998-10-31,28
1998-11-01,20
1998-11-02,26
1998-11-03,26
1998-11-04,19
1998-11-05,11
1998-11-06,21
1998-11-07,21
1998-11-08,11
1998-11-09,18
1998-11-10,16
1998-11-11,19
1998-11-12,20
1998-11-13,19
1998-11-14,22
1998-11-15,14
1998-11-16,19
1998-11-17,25
1998-11-18,19
1998-11-19,26
1998-11-20,25
1998-11-21,30
1998-11-22,16
1998-11-23,16
1998-11-24,16
1998-11-25,25
1998-11-26,21
1998-11-27,15
1998-11-28,28
1998-11-29,19
1998-11-30,23
1998-12-01,26
1998-12-02,17
1998-12-03,11
1998-12-04,31
1998-12-05,22
1998-12-06,25
1998-12-07,15
1998-12-08,22
1998-12-09,20
1998-12-10,19
1998-12-11,16
1998-12-12,26
1998-12-13,28
1998-12-14,26
1998-12-15,24
1998-12-16,25
1998-12-17,21
1998-12-18,25
1998-12-19,34
1998-12-20,26
1998-12-21,26
1998-12-22,21
1998-12-23,19
1998-12-24,31
1998-12-25,22
1998-12-26,21
1998-12-27,23
1998-12-28,35
1998-12-29,25
1998-12-30,23
1998-12-31,30
1999-01-01,27
1999-01-02,29
1999-01-03,21
1999-01-04,20
1999-01-05,32
1999-01-06,26
1999-01-07,30
1999-01-08,30
1999-01-09,28
1999-01-10,18
1999-01-11,32
1999-01-12,25
1999-01-13,28
1999-01-14,26
1999-01-15,22
1999-01-16,30
1999-01-17,16
1999-01-18,28
1999-01-19,11
1999-01-20,35
1999-01-21,20
1999-01-22,28
1999-01-23,27
1999-01-24,24
1999-01-25,29
1999-01-26,28
1999-01-27,24
1999-01-28,21
1999-01-29,32
1999-01-30,31
1999-01-31,21
1999-02-01,27
1999-02-02,24
1999-02-03,29
1999-02-04,29
1999-02-05,21
1999-02-06,28
1999-02-07,34
1999-02-08,25
1999-02-09,32
1999-02-10,27
1999-02-11,17
1999-02-12,24
1999-02-13,27
1999-02-14,23
1999-02-15,24
1999-02-16,29
1999-02-17,30
1999-02-18,23
1999-02-19,28
1999-02-20,32
1999-02-21,22
1999-02-22,23
1999-02-23,23
1999-02-24,28
1999-02-25,35
1999-02-26,24
1999-02-27,22
1999-02-28,23
1999-03-01,17
1999-03-02,26
1999-03-03,35
1999-03-04,25
1999-03-05,26
1999-03-06,22
1999-03-07,15
1999-03-08,20
1999-03-09,19
1999-03-10,22
1999-03-11,21
1999-03-12,24
1999-03-13,19
1999-03-14,21
1999-03-15,22
1999-03-16,23
1999-03-17,21
1999-03-18,21
1999-03-19,27
1999-03-20,25
1999-03-21,22
1999-03-22,33
1999-03-23,25
1999-03-24,29
1999-03-25,24
1999-03-26,24
1999-03-27,12
1999-03-28,24
1999-03-29,22
1999-03-30,25
1999-03-31,27
1999-04-01,32
1999-04-02,19
1999-04-03,25
1999-04-04,18
1999-04-05,19
1999-04-06,19
1999-04-07,27
1999-04-08,18
1999-04-09,31
1999-04-10,20
1999-04-11,32
1999-04-12,21
1999-04-13,23
1999-04-14,25
1999-04-15,21
1999-04-16,22
1999-04-17,20
1999-04-18,23
1999-04-19,12
1999-04-20,21
1999-04-21,18
1999-04-22,24
1999-04-23,19
1999-04-24,32
1999-04-25,17
1999-04-26,23
1999-04-27,21
1999-04-28,22
1999-04-29,19
1999-04-30,22
1999-05-01,24
1999-05-02,19
1999-05-03,21
1999-05-04,33
1999-05-05,19
1999-05-06,18
1999-05-07,11
1999-05-08,25
1999-05-09,11
1999-05-10,19
1999-05-11,32
1999-05-12,18
1999-05-13,23
1999-05-14,25
1999-05-15,23
1999-05-16,17
1999-05-17,21
1999-05-18,21
1999-05-19,23
1999-05-20,24
1999-05-21,24
1999-05-22,18
1999-05-23,18
1999-05-24,23
1999-05-25,25
1999-05-26,18
1999-05-27,20
1999-05-28,27
1999-05-29,13
1999-05-30,24
1999-05-31,26
1999-06-01,24
1999-06-02,21
1999-06-03,17
1999-06-04,23
1999-06-05,18
1999-06-06,20
1999-06-07,18
1999-06-08,17
1999-06-09,17
1999-06-10,19
1999-06-11,19
1999-06-12,13
1999-06-13,26
1999-06-14,17
1999-06-15,22
1999-06-16,17
1999-06-17,12
1999-06-18,20
1999-06-19,24
1999-06-20,15
1999-06-21,31
1999-06-22,19
1999-06-23,26
1999-06-24,15
1999-06-25,18
1999-06-26,21
1999-06-27,26
1999-06-28,24
1999-06-29,23
1999-06-30,15
1999-07-01,28
1999-07-02,21
1999-07-03,28
1999-07-04,10
1999-07-05,26
1999-07-06,25
1999-07-07,16
1999-07-08,11
1999-07-09,29
1999-07-10,14
1999-07-11,19
1999-07-12,28
1999-07-13,14
1999-07-14,30
1999-07-15,18
1999-07-16,26
1999-07-17,24
1999-07-18,13
1999-07-19,12
1999-07-20,25
1999-07-21,19
1999-07-22,15
1999-07-23,18
1999-07-24,22
1999-07-25,28
1999-07-26,14
1999-07-27,23
1999-07-28,15
1999-07-29,23
1999-07-30,34
1999-07-31,30
1999-08-01,25
1999-08-02,17
1999-08-03,14
1999-08-04,22
1999-08-05,28
1999-08-06,15
1999-08-07,20
1999-08-08,21
1999-08-09,16
1999-08-10,23
1999-08-11,19
1999-08-12,22
1999-08-13,18
1999-08-14,22
1999-08-15,17
1999-08-16,15
1999-08-17,27
1999-08-18,18
1999-08-19,15
1999-08-20,20
1999-08-21,21
1999-08-22,20
1999-08-23,16
1999-08-24,16
1999-08-25,21
1999-08-26,19
1999-08-27,18
1999-08-28,21
1999-08-29,24
1999-08-30,13
1999-08-31,31
1999-09-01,19
1999-09-02,20
1999-09-03,11
1999-09-04,19
1999-09-05,20
1999-09-06,23
1999-09-07,19
1999-09-08,24
1999-09-09,18
1999-09-10,14
1999-09-11,20
1999-09-12,19
1999-09-13,27
1999-09-14,19
1999-09-15,20
1999-09-16,23
1999-09-17,21
1999-09-18,18
1999-09-19,22
1999-09-20,19
1999-09-21,23
1999-09-22,19
1999-09-23,26
1999-09-24,18
1999-09-25,20
1999-09-26,31
1999-09-27,13
1999-09-28,18
1999-09-29,20
1999-09-30,12
1999-10-01,18
1999-10-02,22
1999-10-03,24
1999-10-04,25
1999-10-05,27
1999-10-06,15
1999-10-07,27
1999-10-08,20
1999-10-09,24
1999-10-10,26
1999-10-11,19
1999-10-12,23
1999-10-13,15
1999-10-14,21
1999-10-15,22
1999-10-16,27
1999-10-17,25
1999-10-18,20
1999-10-19,22
1999-10-20,18
1999-10-21,18
1999-10-22,26
1999-10-23,28
1999-10-24,28
1999-10-25,24
1999-10-26,18
1999-10-27,18
1999-10-28,25
1999-10-29,34
1999-10-30,16
1999-10-31,24
1999-11-01,24
1999-11-02,16
1999-11-03,23
1999-11-04,18
1999-11-05,22
1999-11-06,24
1999-11-07,21
1999-11-08,24
1999-11-09,27
1999-11-10,14
1999-11-11,25
1999-11-12,24
1999-11-13,22
1999-11-14,19
1999-11-15,31
1999-11-16,17
1999-11-17,31
1999-11-18,18
1999-11-19,23
1999-11-20,26
1999-11-21,28
1999-11-22,21
1999-11-23,26
1999-11-24,15
1999-11-25,21
1999-11-26,29
1999-11-27,26
1999-11-28,22
1999-11-29,26
1999-11-30,26
1999-12-01,26
1999-12-02,22
1999-12-03,24
1999-12-04,24
1999-12-05,26
1999-12-06,10
1999-12-07,24
1999-12-08,27
1999-12-09,24
1999-12-10,21
1999-12-11,28
1999-12-12,30
1999-12-13,28
1999-12-14,19
1999-12-15,31
1999-12-16,25
1999-12-17,27
1999-12-18,19
1999-12-19,24
1999-12-20,22
1999-12-21,29
1999-12-22,19
1999-12-23,27
1999-12-24,32
1999-12-25,19
1999-12-26,25
1999-12-27,30
1999-12-28,35
1999-12-29,16
1999-12-30,17
1999-12-31,23
2000-01-01,32
2000-01-02,25
2000-01-03,37
2000-01-04,29
2000-01-05,31
2000-01-06,29
2000-01-07,29
2000-01-08,23
2000-01-09,21
2000-01-10,27
2000-01-11,26
2000-01-12,24
2000-01-13,24
2000-01-14,22
2000-01-15,21
2000-01-16,17
2000-01-17,21
2000-01-18,21
2000-01-19,28
2000-01-20,21
2000-01-21,21
2000-01-22,24
2000-01-23,28
2000-01-24,21
2000-01-25,17
2000-01-26,26
2000-01-27,19
2000-01-28,20
2000-01-29,25
2000-01-30,22
2000-01-31,24
2000-02-01,16
2000-02-02,17
2000-02-03,22
2000-02-04,31
2000-02-05,19
2000-02-06,25
2000-02-07,22
2000-02-08,22
2000-02-09,26
2000-02-10,11
2000-02-11,27
2000-02-12,24
2000-02-13,21
2000-02-14,27
2000-02-15,24
2000-02-16,11
2000-02-17,18
2000-02-18,20
2000-02-19,22
2000-02-20,24
2000-02-21,26
2000-02-22,20
2000-02-23,22
2000-02-24,25
2000-02-25,21
2000-02-26,21
2000-02-27,23
2000-02-28,21
2000-02-29,18
2000-03-01,14
2000-03-02,19
2000-03-03,23
2000-03-04,17
2000-03-05,25
2000-03-06,16
2000-03-07,24
2000-03-08,26
2000-03-09,19
2000-03-10,25
2000-03-11,29
2000-03-12,15
2000-03-13,21
2000-03-14,11
2000-03-15,23
2000-03-16,23
2000-03-17,20
2000-03-18,21
2000-03-19,19
2000-03-20,27
2000-03-21,21
2000-03-22,25
2000-03-23,19
2000-03-24,16
2000-03-25,16
2000-03-26,17
2000-03-27,26
2000-03-28,18
2000-03-29,19
2000-03-30,19
2000-03-31,14
2000-04-01,19
2000-04-02,20
2000-04-03,26
2000-04-04,29
2000-04-05,28
2000-04-06,28
2000-04-07,26
2000-04-08,16
2000-04-09,23
2000-04-10,32
2000-04-11,15
2000-04-12,25
2000-04-13,20
2000-04-14,31
2000-04-15,17
2000-04-16,20
2000-04-17,17
2000-04-18,19
2000-04-19,20
2000-04-20,16
2000-04-21,15
2000-04-22,18
2000-04-23,24
2000-04-24,24
2000-04-25,25
2000-04-26,25
2000-04-27,20
2000-04-28,16
2000-04-29,16
2000-04-30,18
2000-05-01,18
2000-05-02,17
2000-05-03,13
2000-05-04,20
2000-05-05,20
2000-05-06,24
2000-05-07,18
2000-05-08,21
2000-05-09,19
2000-05-10,23
2000-05-11,30
2000-05-12,16
2000-05-13,13
2000-05-14,23
2000-05-15,20
2000-05-16,16
2000-05-17,28
2000-05-18,21
2000-05-19,21
2000-05-20,28
2000-05-21,23
2000-05-22,20
2000-05-23,21
2000-05-24,16
2000-05-25,23
2000-05-26,16
2000-05-27,22
2000-05-28,11
2000-05-29,25
2000-05-30,21
2000-05-31,27
2000-06-01,21
2000-06-02,19
2000-06-03,15
2000-06-04,15
2000-06-05,21
2000-06-06,18
2000-06-07,22
2000-06-08,21
2000-06-09,24
2000-06-10,26
2000-06-11,12
2000-06-12,21
2000-06-13,22
2000-06-14,16
2000-06-15,18
2000-06-16,24
2000-06-17,23
2000-06-18,17
2000-06-19,27
2000-06-20,19
2000-06-21,25
2000-06-22,16
2000-06-23,16
2000-06-24,29
2000-06-25,19
2000-06-26,26
2000-06-27,17
2000-06-28,18
2000-06-29,24
2000-06-30,27
2000-07-01,17
2000-07-02,15
2000-07-03,19
2000-07-04,14
2000-07-05,28
2000-07-06,14
2000-07-07,18
2000-07-08,33
2000-07-09,24
2000-07-10,27
2000-07-11,24
2000-07-12,15
2000-07-13,29
2000-07-14,18
2000-07-15,17
2000-07-16,21
2000-07-17,20
2000-07-18,19
2000-07-19,22
2000-07-20,21
2000-07-21,21
2000-07-22,19
2000-07-23,22
2000-07-24,21
2000-07-25,18
2000-07-26,20
2000-07-27,22
2000-07-28,24
2000-07-29,26
2000-07-30,16
2000-07-31,28
2000-08-01,20
2000-08-02,11
2000-08-03,16
2000-08-04,16
2000-08-05,19
2000-08-06,16
2000-08-07,26
2000-08-08,23
2000-08-09,21
2000-08-10,15
2000-08-11,17
2000-08-12,15
2000-08-13,20
2000-08-14,19
2000-08-15,22
2000-08-16,22
2000-08-17,10
2000-08-18,20
2000-08-19,19
2000-08-20,15
2000-08-21,26
2000-08-22,17
2000-08-23,22
2000-08-24,25
2000-08-25,24
2000-08-26,16
2000-08-27,18
2000-08-28,21
2000-08-29,15
2000-08-30,27
2000-08-31,25
2000-09-01,14
2000-09-02,20
2000-09-03,19
2000-09-04,27
2000-09-05,9
2000-09-06,21
2000-09-07,8
2000-09-08,20
2000-09-09,19
2000-09-10,21
2000-09-11,19
2000-09-12,19
2000-09-13,15
2000-09-14,22
2000-09-15,19
2000-09-16,20
2000-09-17,30
2000-09-18,21
2000-09-19,22
2000-09-20,21
2000-09-21,21
2000-09-22,16
2000-09-23,19
2000-09-24,22
2000-09-25,18
2000-09-26,28
2000-09-27,16
2000-09-28,21
2000-09-29,24
2000-09-30,19
2000-10-01,24
2000-10-02,19
2000-10-03,24
2000-10-04,19
2000-10-05,27
2000-10-06,22
2000-10-07,13
2000-10-08,25
2000-10-09,15
2000-10-10,36
2000-10-11,17
2000-10-12,29
2000-10-13,20
2000-10-14,19
2000-10-15,31
2000-10-16,22
2000-10-17,31
2000-10-18,18
2000-10-19,21
2000-10-20,33
2000-10-21,21
2000-10-22,25
2000-10-23,24
2000-10-24,17
2000-10-25,19
2000-10-26,27
2000-10-27,24
2000-10-28,13
2000-10-29,20
2000-10-30,24
2000-10-31,23
2000-11-01,21
2000-11-02,19
2000-11-03,17
2000-11-04,15
2000-11-05,23
2000-11-06,26
2000-11-07,13
2000-11-08,14
2000-11-09,19
2000-11-10,24
2000-11-11,17
2000-11-12,28
2000-11-13,23
2000-11-14,20
2000-11-15,25
2000-11-16,24
2000-11-17,21
2000-11-18,23
2000-11-19,26
2000-11-20,19
2000-11-21,20
2000-11-22,20
2000-11-23,19
2000-11-24,35
2000-11-25,13
2000-11-26,11
2000-11-27,18
2000-11-28,26
2000-11-29,25
2000-11-30,27
2000-12-01,34
2000-12-02,22
2000-12-03,19
2000-12-04,30
2000-12-05,20
2000-12-06,21
2000-12-07,24
2000-12-08,26
2000-12-09,24
2000-12-10,22
2000-12-11,32
2000-12-12,20
2000-12-13,20
2000-12-14,27
2000-12-15,24
2000-12-16,30
2000-12-17,15
2000-12-18,23
2000-12-19,30
2000-12-20,15
2000-12-21,16
2000-12-22,24
2000-12-23,31
2000-12-24,22
2000-12-25,24
2000-12-26,20
2000-12-27,26
2000-12-28,26
2000-12-29,19
2000-12-30,25
2000-12-31,33